<Anims>
 <anim name="BUILD" root="swap_roukanken" numframes="1000" framerate="40">
  <frame idx="0" w="89" h="680" x="-3.766404" y="-197.718872">
   <element name="roukanken" layername="roukanken" frame="0" z_index="2" m_a="1.433472" m_b="0.000000" m_c="0.000000" m_d="1.376420" m_tx="7.917954" m_ty="-39.331333"/>
  </frame>
  <frame idx="25" w="89" h="680" x="-3.766404" y="-197.718872">
   <element name="roukanken" layername="roukanken" frame="0" z_index="2" m_a="1.433472" m_b="0.000000" m_c="0.000000" m_d="1.376420" m_tx="7.917954" m_ty="-39.331333"/>
  </frame>
  <frame idx="50" w="89" h="680" x="-3.766404" y="-197.718872">
   <element name="roukanken" layername="roukanken" frame="0" z_index="2" m_a="1.433472" m_b="0.000000" m_c="0.000000" m_d="1.376420" m_tx="7.917954" m_ty="-39.331333"/>
  </frame>
  <frame idx="75" w="89" h="680" x="-3.766404" y="-197.718872">
   <element name="roukanken" layername="roukanken" frame="0" z_index="2" m_a="1.433472" m_b="0.000000" m_c="0.000000" m_d="1.376420" m_tx="7.917954" m_ty="-39.331333"/>
  </frame>
  <frame idx="100" w="89" h="680" x="-3.766404" y="-197.718872">
   <element name="roukanken" layername="roukanken" frame="0" z_index="2" m_a="1.433472" m_b="0.000000" m_c="0.000000" m_d="1.376420" m_tx="7.917954" m_ty="-39.331333"/>
  </frame>
  <frame idx="125" w="89" h="680" x="-3.766404" y="-197.718872">
   <element name="roukanken" layername="roukanken" frame="0" z_index="2" m_a="1.433472" m_b="0.000000" m_c="0.000000" m_d="1.376420" m_tx="7.917954" m_ty="-39.331333"/>
  </frame>
  <frame idx="150" w="89" h="680" x="-3.766404" y="-197.718872">
   <element name="roukanken" layername="roukanken" frame="0" z_index="2" m_a="1.433472" m_b="0.000000" m_c="0.000000" m_d="1.376420" m_tx="7.917954" m_ty="-39.331333"/>
  </frame>
  <frame idx="175" w="89" h="680" x="-3.766404" y="-197.718872">
   <element name="roukanken" layername="roukanken" frame="0" z_index="2" m_a="1.433472" m_b="0.000000" m_c="0.000000" m_d="1.376420" m_tx="7.917954" m_ty="-39.331333"/>
  </frame>
  <frame idx="200" w="89" h="680" x="-3.766404" y="-197.718872">
   <element name="roukanken" layername="roukanken" frame="0" z_index="2" m_a="1.433472" m_b="0.000000" m_c="0.000000" m_d="1.376420" m_tx="7.917954" m_ty="-39.331333"/>
  </frame>
  <frame idx="225" w="89" h="680" x="-3.766404" y="-197.718872">
   <element name="roukanken" layername="roukanken" frame="0" z_index="2" m_a="1.433472" m_b="0.000000" m_c="0.000000" m_d="1.376420" m_tx="7.917954" m_ty="-39.331333"/>
  </frame>
  <frame idx="250" w="89" h="680" x="-3.766404" y="-197.718872">
   <element name="roukanken" layername="roukanken" frame="0" z_index="2" m_a="1.433472" m_b="0.000000" m_c="0.000000" m_d="1.376420" m_tx="7.917954" m_ty="-39.331333"/>
  </frame>
  <frame idx="275" w="89" h="680" x="-3.766404" y="-197.718872">
   <element name="roukanken" layername="roukanken" frame="0" z_index="2" m_a="1.433472" m_b="0.000000" m_c="0.000000" m_d="1.376420" m_tx="7.917954" m_ty="-39.331333"/>
  </frame>
  <frame idx="300" w="89" h="680" x="-3.766404" y="-197.718872">
   <element name="roukanken" layername="roukanken" frame="0" z_index="2" m_a="1.433472" m_b="0.000000" m_c="0.000000" m_d="1.376420" m_tx="7.917954" m_ty="-39.331333"/>
  </frame>
  <frame idx="325" w="89" h="680" x="-3.766404" y="-197.718872">
   <element name="roukanken" layername="roukanken" frame="0" z_index="2" m_a="1.433472" m_b="0.000000" m_c="0.000000" m_d="1.376420" m_tx="7.917954" m_ty="-39.331333"/>
  </frame>
  <frame idx="350" w="89" h="680" x="-3.766404" y="-197.718872">
   <element name="roukanken" layername="roukanken" frame="0" z_index="2" m_a="1.433472" m_b="0.000000" m_c="0.000000" m_d="1.376420" m_tx="7.917954" m_ty="-39.331333"/>
  </frame>
  <frame idx="375" w="89" h="680" x="-3.766404" y="-197.718872">
   <element name="roukanken" layername="roukanken" frame="0" z_index="2" m_a="1.433472" m_b="0.000000" m_c="0.000000" m_d="1.376420" m_tx="7.917954" m_ty="-39.331333"/>
  </frame>
  <frame idx="400" w="89" h="680" x="-3.766404" y="-197.718872">
   <element name="roukanken" layername="roukanken" frame="0" z_index="2" m_a="1.433472" m_b="0.000000" m_c="0.000000" m_d="1.376420" m_tx="7.917954" m_ty="-39.331333"/>
  </frame>
  <frame idx="425" w="89" h="680" x="-3.766404" y="-197.718872">
   <element name="roukanken" layername="roukanken" frame="0" z_index="2" m_a="1.433472" m_b="0.000000" m_c="0.000000" m_d="1.376420" m_tx="7.917954" m_ty="-39.331333"/>
  </frame>
  <frame idx="450" w="89" h="680" x="-3.766404" y="-197.718872">
   <element name="roukanken" layername="roukanken" frame="0" z_index="2" m_a="1.433472" m_b="0.000000" m_c="0.000000" m_d="1.376420" m_tx="7.917954" m_ty="-39.331333"/>
  </frame>
  <frame idx="475" w="89" h="680" x="-3.766404" y="-197.718872">
   <element name="roukanken" layername="roukanken" frame="0" z_index="2" m_a="1.433472" m_b="0.000000" m_c="0.000000" m_d="1.376420" m_tx="7.917954" m_ty="-39.331333"/>
  </frame>
  <frame idx="500" w="89" h="680" x="-3.766404" y="-197.718872">
   <element name="roukanken" layername="roukanken" frame="0" z_index="2" m_a="1.433472" m_b="0.000000" m_c="0.000000" m_d="1.376420" m_tx="7.917954" m_ty="-39.331333"/>
  </frame>
  <frame idx="525" w="89" h="680" x="-3.766404" y="-197.718872">
   <element name="roukanken" layername="roukanken" frame="0" z_index="2" m_a="1.433472" m_b="0.000000" m_c="0.000000" m_d="1.376420" m_tx="7.917954" m_ty="-39.331333"/>
  </frame>
  <frame idx="550" w="89" h="680" x="-3.766404" y="-197.718872">
   <element name="roukanken" layername="roukanken" frame="0" z_index="2" m_a="1.433472" m_b="0.000000" m_c="0.000000" m_d="1.376420" m_tx="7.917954" m_ty="-39.331333"/>
  </frame>
  <frame idx="575" w="89" h="680" x="-3.766404" y="-197.718872">
   <element name="roukanken" layername="roukanken" frame="0" z_index="2" m_a="1.433472" m_b="0.000000" m_c="0.000000" m_d="1.376420" m_tx="7.917954" m_ty="-39.331333"/>
  </frame>
  <frame idx="600" w="89" h="680" x="-3.766404" y="-197.718872">
   <element name="roukanken" layername="roukanken" frame="0" z_index="2" m_a="1.433472" m_b="0.000000" m_c="0.000000" m_d="1.376420" m_tx="7.917954" m_ty="-39.331333"/>
  </frame>
  <frame idx="625" w="89" h="680" x="-3.766404" y="-197.718872">
   <element name="roukanken" layername="roukanken" frame="0" z_index="2" m_a="1.433472" m_b="0.000000" m_c="0.000000" m_d="1.376420" m_tx="7.917954" m_ty="-39.331333"/>
  </frame>
  <frame idx="650" w="89" h="680" x="-3.766404" y="-197.718872">
   <element name="roukanken" layername="roukanken" frame="0" z_index="2" m_a="1.433472" m_b="0.000000" m_c="0.000000" m_d="1.376420" m_tx="7.917954" m_ty="-39.331333"/>
  </frame>
  <frame idx="675" w="89" h="680" x="-3.766404" y="-197.718872">
   <element name="roukanken" layername="roukanken" frame="0" z_index="2" m_a="1.433472" m_b="0.000000" m_c="0.000000" m_d="1.376420" m_tx="7.917954" m_ty="-39.331333"/>
  </frame>
  <frame idx="700" w="89" h="680" x="-3.766404" y="-197.718872">
   <element name="roukanken" layername="roukanken" frame="0" z_index="2" m_a="1.433472" m_b="0.000000" m_c="0.000000" m_d="1.376420" m_tx="7.917954" m_ty="-39.331333"/>
  </frame>
  <frame idx="725" w="89" h="680" x="-3.766404" y="-197.718872">
   <element name="roukanken" layername="roukanken" frame="0" z_index="2" m_a="1.433472" m_b="0.000000" m_c="0.000000" m_d="1.376420" m_tx="7.917954" m_ty="-39.331333"/>
  </frame>
  <frame idx="750" w="89" h="680" x="-3.766404" y="-197.718872">
   <element name="roukanken" layername="roukanken" frame="0" z_index="2" m_a="1.433472" m_b="0.000000" m_c="0.000000" m_d="1.376420" m_tx="7.917954" m_ty="-39.331333"/>
  </frame>
  <frame idx="775" w="89" h="680" x="-3.766404" y="-197.718872">
   <element name="roukanken" layername="roukanken" frame="0" z_index="2" m_a="1.433472" m_b="0.000000" m_c="0.000000" m_d="1.376420" m_tx="7.917954" m_ty="-39.331333"/>
  </frame>
  <frame idx="800" w="89" h="680" x="-3.766404" y="-197.718872">
   <element name="roukanken" layername="roukanken" frame="0" z_index="2" m_a="1.433472" m_b="0.000000" m_c="0.000000" m_d="1.376420" m_tx="7.917954" m_ty="-39.331333"/>
  </frame>
  <frame idx="825" w="89" h="680" x="-3.766404" y="-197.718872">
   <element name="roukanken" layername="roukanken" frame="0" z_index="2" m_a="1.433472" m_b="0.000000" m_c="0.000000" m_d="1.376420" m_tx="7.917954" m_ty="-39.331333"/>
  </frame>
  <frame idx="850" w="89" h="680" x="-3.766404" y="-197.718872">
   <element name="roukanken" layername="roukanken" frame="0" z_index="2" m_a="1.433472" m_b="0.000000" m_c="0.000000" m_d="1.376420" m_tx="7.917954" m_ty="-39.331333"/>
  </frame>
  <frame idx="875" w="89" h="680" x="-3.766404" y="-197.718872">
   <element name="roukanken" layername="roukanken" frame="0" z_index="2" m_a="1.433472" m_b="0.000000" m_c="0.000000" m_d="1.376420" m_tx="7.917954" m_ty="-39.331333"/>
  </frame>
  <frame idx="900" w="89" h="680" x="-3.766404" y="-197.718872">
   <element name="roukanken" layername="roukanken" frame="0" z_index="2" m_a="1.433472" m_b="0.000000" m_c="0.000000" m_d="1.376420" m_tx="7.917954" m_ty="-39.331333"/>
  </frame>
  <frame idx="925" w="89" h="680" x="-3.766404" y="-197.718872">
   <element name="roukanken" layername="roukanken" frame="0" z_index="2" m_a="1.433472" m_b="0.000000" m_c="0.000000" m_d="1.376420" m_tx="7.917954" m_ty="-39.331333"/>
  </frame>
  <frame idx="950" w="89" h="680" x="-3.766404" y="-197.718872">
   <element name="roukanken" layername="roukanken" frame="0" z_index="2" m_a="1.433472" m_b="0.000000" m_c="0.000000" m_d="1.376420" m_tx="7.917954" m_ty="-39.331333"/>
  </frame>
  <frame idx="975" w="89" h="680" x="-3.766404" y="-197.718872">
   <element name="roukanken" layername="roukanken" frame="0" z_index="2" m_a="1.433472" m_b="0.000000" m_c="0.000000" m_d="1.376420" m_tx="7.917954" m_ty="-39.331333"/>
  </frame>
 </anim>
 <anim name="BUILD_000" root="swap_roukanken" numframes="1000" framerate="40">
  <frame idx="0" w="89" h="680" x="-3.766404" y="-197.718872">
   <element name="roukanken" layername="roukanken" frame="0" z_index="2" m_a="1.433472" m_b="0.000000" m_c="0.000000" m_d="1.376420" m_tx="7.917954" m_ty="-39.331333"/>
  </frame>
  <frame idx="25" w="89" h="680" x="-3.766404" y="-197.718872">
   <element name="roukanken" layername="roukanken" frame="0" z_index="2" m_a="1.433472" m_b="0.000000" m_c="0.000000" m_d="1.376420" m_tx="7.917954" m_ty="-39.331333"/>
  </frame>
  <frame idx="50" w="89" h="680" x="-3.766404" y="-197.718872">
   <element name="roukanken" layername="roukanken" frame="0" z_index="2" m_a="1.433472" m_b="0.000000" m_c="0.000000" m_d="1.376420" m_tx="7.917954" m_ty="-39.331333"/>
  </frame>
  <frame idx="75" w="89" h="680" x="-3.766404" y="-197.718872">
   <element name="roukanken" layername="roukanken" frame="0" z_index="2" m_a="1.433472" m_b="0.000000" m_c="0.000000" m_d="1.376420" m_tx="7.917954" m_ty="-39.331333"/>
  </frame>
  <frame idx="100" w="89" h="680" x="-3.766404" y="-197.718872">
   <element name="roukanken" layername="roukanken" frame="0" z_index="2" m_a="1.433472" m_b="0.000000" m_c="0.000000" m_d="1.376420" m_tx="7.917954" m_ty="-39.331333"/>
  </frame>
  <frame idx="125" w="89" h="680" x="-3.766404" y="-197.718872">
   <element name="roukanken" layername="roukanken" frame="0" z_index="2" m_a="1.433472" m_b="0.000000" m_c="0.000000" m_d="1.376420" m_tx="7.917954" m_ty="-39.331333"/>
  </frame>
  <frame idx="150" w="89" h="680" x="-3.766404" y="-197.718872">
   <element name="roukanken" layername="roukanken" frame="0" z_index="2" m_a="1.433472" m_b="0.000000" m_c="0.000000" m_d="1.376420" m_tx="7.917954" m_ty="-39.331333"/>
  </frame>
  <frame idx="175" w="89" h="680" x="-3.766404" y="-197.718872">
   <element name="roukanken" layername="roukanken" frame="0" z_index="2" m_a="1.433472" m_b="0.000000" m_c="0.000000" m_d="1.376420" m_tx="7.917954" m_ty="-39.331333"/>
  </frame>
  <frame idx="200" w="89" h="680" x="-3.766404" y="-197.718872">
   <element name="roukanken" layername="roukanken" frame="0" z_index="2" m_a="1.433472" m_b="0.000000" m_c="0.000000" m_d="1.376420" m_tx="7.917954" m_ty="-39.331333"/>
  </frame>
  <frame idx="225" w="89" h="680" x="-3.766404" y="-197.718872">
   <element name="roukanken" layername="roukanken" frame="0" z_index="2" m_a="1.433472" m_b="0.000000" m_c="0.000000" m_d="1.376420" m_tx="7.917954" m_ty="-39.331333"/>
  </frame>
  <frame idx="250" w="89" h="680" x="-3.766404" y="-197.718872">
   <element name="roukanken" layername="roukanken" frame="0" z_index="2" m_a="1.433472" m_b="0.000000" m_c="0.000000" m_d="1.376420" m_tx="7.917954" m_ty="-39.331333"/>
  </frame>
  <frame idx="275" w="89" h="680" x="-3.766404" y="-197.718872">
   <element name="roukanken" layername="roukanken" frame="0" z_index="2" m_a="1.433472" m_b="0.000000" m_c="0.000000" m_d="1.376420" m_tx="7.917954" m_ty="-39.331333"/>
  </frame>
  <frame idx="300" w="89" h="680" x="-3.766404" y="-197.718872">
   <element name="roukanken" layername="roukanken" frame="0" z_index="2" m_a="1.433472" m_b="0.000000" m_c="0.000000" m_d="1.376420" m_tx="7.917954" m_ty="-39.331333"/>
  </frame>
  <frame idx="325" w="89" h="680" x="-3.766404" y="-197.718872">
   <element name="roukanken" layername="roukanken" frame="0" z_index="2" m_a="1.433472" m_b="0.000000" m_c="0.000000" m_d="1.376420" m_tx="7.917954" m_ty="-39.331333"/>
  </frame>
  <frame idx="350" w="89" h="680" x="-3.766404" y="-197.718872">
   <element name="roukanken" layername="roukanken" frame="0" z_index="2" m_a="1.433472" m_b="0.000000" m_c="0.000000" m_d="1.376420" m_tx="7.917954" m_ty="-39.331333"/>
  </frame>
  <frame idx="375" w="89" h="680" x="-3.766404" y="-197.718872">
   <element name="roukanken" layername="roukanken" frame="0" z_index="2" m_a="1.433472" m_b="0.000000" m_c="0.000000" m_d="1.376420" m_tx="7.917954" m_ty="-39.331333"/>
  </frame>
  <frame idx="400" w="89" h="680" x="-3.766404" y="-197.718872">
   <element name="roukanken" layername="roukanken" frame="0" z_index="2" m_a="1.433472" m_b="0.000000" m_c="0.000000" m_d="1.376420" m_tx="7.917954" m_ty="-39.331333"/>
  </frame>
  <frame idx="425" w="89" h="680" x="-3.766404" y="-197.718872">
   <element name="roukanken" layername="roukanken" frame="0" z_index="2" m_a="1.433472" m_b="0.000000" m_c="0.000000" m_d="1.376420" m_tx="7.917954" m_ty="-39.331333"/>
  </frame>
  <frame idx="450" w="89" h="680" x="-3.766404" y="-197.718872">
   <element name="roukanken" layername="roukanken" frame="0" z_index="2" m_a="1.433472" m_b="0.000000" m_c="0.000000" m_d="1.376420" m_tx="7.917954" m_ty="-39.331333"/>
  </frame>
  <frame idx="475" w="89" h="680" x="-3.766404" y="-197.718872">
   <element name="roukanken" layername="roukanken" frame="0" z_index="2" m_a="1.433472" m_b="0.000000" m_c="0.000000" m_d="1.376420" m_tx="7.917954" m_ty="-39.331333"/>
  </frame>
  <frame idx="500" w="89" h="680" x="-3.766404" y="-197.718872">
   <element name="roukanken" layername="roukanken" frame="0" z_index="2" m_a="1.433472" m_b="0.000000" m_c="0.000000" m_d="1.376420" m_tx="7.917954" m_ty="-39.331333"/>
  </frame>
  <frame idx="525" w="89" h="680" x="-3.766404" y="-197.718872">
   <element name="roukanken" layername="roukanken" frame="0" z_index="2" m_a="1.433472" m_b="0.000000" m_c="0.000000" m_d="1.376420" m_tx="7.917954" m_ty="-39.331333"/>
  </frame>
  <frame idx="550" w="89" h="680" x="-3.766404" y="-197.718872">
   <element name="roukanken" layername="roukanken" frame="0" z_index="2" m_a="1.433472" m_b="0.000000" m_c="0.000000" m_d="1.376420" m_tx="7.917954" m_ty="-39.331333"/>
  </frame>
  <frame idx="575" w="89" h="680" x="-3.766404" y="-197.718872">
   <element name="roukanken" layername="roukanken" frame="0" z_index="2" m_a="1.433472" m_b="0.000000" m_c="0.000000" m_d="1.376420" m_tx="7.917954" m_ty="-39.331333"/>
  </frame>
  <frame idx="600" w="89" h="680" x="-3.766404" y="-197.718872">
   <element name="roukanken" layername="roukanken" frame="0" z_index="2" m_a="1.433472" m_b="0.000000" m_c="0.000000" m_d="1.376420" m_tx="7.917954" m_ty="-39.331333"/>
  </frame>
  <frame idx="625" w="89" h="680" x="-3.766404" y="-197.718872">
   <element name="roukanken" layername="roukanken" frame="0" z_index="2" m_a="1.433472" m_b="0.000000" m_c="0.000000" m_d="1.376420" m_tx="7.917954" m_ty="-39.331333"/>
  </frame>
  <frame idx="650" w="89" h="680" x="-3.766404" y="-197.718872">
   <element name="roukanken" layername="roukanken" frame="0" z_index="2" m_a="1.433472" m_b="0.000000" m_c="0.000000" m_d="1.376420" m_tx="7.917954" m_ty="-39.331333"/>
  </frame>
  <frame idx="675" w="89" h="680" x="-3.766404" y="-197.718872">
   <element name="roukanken" layername="roukanken" frame="0" z_index="2" m_a="1.433472" m_b="0.000000" m_c="0.000000" m_d="1.376420" m_tx="7.917954" m_ty="-39.331333"/>
  </frame>
  <frame idx="700" w="89" h="680" x="-3.766404" y="-197.718872">
   <element name="roukanken" layername="roukanken" frame="0" z_index="2" m_a="1.433472" m_b="0.000000" m_c="0.000000" m_d="1.376420" m_tx="7.917954" m_ty="-39.331333"/>
  </frame>
  <frame idx="725" w="89" h="680" x="-3.766404" y="-197.718872">
   <element name="roukanken" layername="roukanken" frame="0" z_index="2" m_a="1.433472" m_b="0.000000" m_c="0.000000" m_d="1.376420" m_tx="7.917954" m_ty="-39.331333"/>
  </frame>
  <frame idx="750" w="89" h="680" x="-3.766404" y="-197.718872">
   <element name="roukanken" layername="roukanken" frame="0" z_index="2" m_a="1.433472" m_b="0.000000" m_c="0.000000" m_d="1.376420" m_tx="7.917954" m_ty="-39.331333"/>
  </frame>
  <frame idx="775" w="89" h="680" x="-3.766404" y="-197.718872">
   <element name="roukanken" layername="roukanken" frame="0" z_index="2" m_a="1.433472" m_b="0.000000" m_c="0.000000" m_d="1.376420" m_tx="7.917954" m_ty="-39.331333"/>
  </frame>
  <frame idx="800" w="89" h="680" x="-3.766404" y="-197.718872">
   <element name="roukanken" layername="roukanken" frame="0" z_index="2" m_a="1.433472" m_b="0.000000" m_c="0.000000" m_d="1.376420" m_tx="7.917954" m_ty="-39.331333"/>
  </frame>
  <frame idx="825" w="89" h="680" x="-3.766404" y="-197.718872">
   <element name="roukanken" layername="roukanken" frame="0" z_index="2" m_a="1.433472" m_b="0.000000" m_c="0.000000" m_d="1.376420" m_tx="7.917954" m_ty="-39.331333"/>
  </frame>
  <frame idx="850" w="89" h="680" x="-3.766404" y="-197.718872">
   <element name="roukanken" layername="roukanken" frame="0" z_index="2" m_a="1.433472" m_b="0.000000" m_c="0.000000" m_d="1.376420" m_tx="7.917954" m_ty="-39.331333"/>
  </frame>
  <frame idx="875" w="89" h="680" x="-3.766404" y="-197.718872">
   <element name="roukanken" layername="roukanken" frame="0" z_index="2" m_a="1.433472" m_b="0.000000" m_c="0.000000" m_d="1.376420" m_tx="7.917954" m_ty="-39.331333"/>
  </frame>
  <frame idx="900" w="89" h="680" x="-3.766404" y="-197.718872">
   <element name="roukanken" layername="roukanken" frame="0" z_index="2" m_a="1.433472" m_b="0.000000" m_c="0.000000" m_d="1.376420" m_tx="7.917954" m_ty="-39.331333"/>
  </frame>
  <frame idx="925" w="89" h="680" x="-3.766404" y="-197.718872">
   <element name="roukanken" layername="roukanken" frame="0" z_index="2" m_a="1.433472" m_b="0.000000" m_c="0.000000" m_d="1.376420" m_tx="7.917954" m_ty="-39.331333"/>
  </frame>
  <frame idx="950" w="89" h="680" x="-3.766404" y="-197.718872">
   <element name="roukanken" layername="roukanken" frame="0" z_index="2" m_a="1.433472" m_b="0.000000" m_c="0.000000" m_d="1.376420" m_tx="7.917954" m_ty="-39.331333"/>
  </frame>
  <frame idx="975" w="89" h="680" x="-3.766404" y="-197.718872">
   <element name="roukanken" layername="roukanken" frame="0" z_index="2" m_a="1.433472" m_b="0.000000" m_c="0.000000" m_d="1.376420" m_tx="7.917954" m_ty="-39.331333"/>
  </frame>
 </anim>
</Anims>
