<Anims>
 <anim name="idle" root="dumpling" numframes="1000" framerate="40">
  <frame idx="0" w="140" h="201" x="-9.498499" y="-66.460182">
   <element name="symbol0" layername="dumpling" frame="0" z_index="6" m_a="0.999966" m_b="-0.008250" m_c="0.008250" m_d="0.999966" m_tx="3.010341" m_ty="-10.340047"/>
  </frame>
  <frame idx="25" w="148" h="190" x="-12.184647" y="-65.370560">
   <element name="symbol0" layername="dumpling" frame="0" z_index="6" m_a="0.997941" m_b="-0.064139" m_c="0.064139" m_d="0.997941" m_tx="3.010341" m_ty="-10.340047"/>
  </frame>
  <frame idx="50" w="154" h="178" x="-14.862365" y="-64.158867">
   <element name="symbol0" layername="dumpling" frame="0" z_index="6" m_a="0.992795" m_b="-0.119827" m_c="0.119827" m_d="0.992795" m_tx="3.010341" m_ty="-10.340047"/>
  </frame>
  <frame idx="75" w="161" h="166" x="-17.524843" y="-62.825760">
   <element name="symbol0" layername="dumpling" frame="0" z_index="6" m_a="0.984544" m_b="-0.175140" m_c="0.175140" m_d="0.984544" m_tx="3.010341" m_ty="-10.340047"/>
  </frame>
  <frame idx="100" w="167" h="190" x="-20.165319" y="-94.405777">
   <element name="symbol0" layername="dumpling" frame="0" z_index="6" m_a="0.973213" m_b="-0.229905" m_c="0.229905" m_d="0.973213" m_tx="3.010341" m_ty="-10.340047"/>
   <element name="symbol0" layername="cloud" frame="1" z_index="5" m_a="0.249276" m_b="0.000000" m_c="0.000000" m_d="0.249276" m_tx="15.940004" m_ty="-78.083206"/>
  </frame>
  <frame idx="125" w="165" h="208" x="-19.294197" y="-107.160332">
   <element name="symbol0" layername="dumpling" frame="0" z_index="6" m_a="0.978211" m_b="-0.207615" m_c="0.207615" m_d="0.978211" m_tx="3.010341" m_ty="-10.340047"/>
   <element name="symbol0" layername="cloud" frame="1" z_index="5" m_a="0.312985" m_b="-0.080560" m_c="0.080560" m_d="0.312985" m_tx="18.501408" m_ty="-89.488846"/>
  </frame>
  <frame idx="150" w="162" h="227" x="-17.918743" y="-119.788734">
   <element name="symbol0" layername="dumpling" frame="0" z_index="6" m_a="0.982698" m_b="-0.185217" m_c="0.185217" m_d="0.982698" m_tx="3.010341" m_ty="-10.340047"/>
   <element name="symbol0" layername="cloud" frame="1" z_index="5" m_a="0.347751" m_b="-0.191719" m_c="0.191719" m_d="0.347751" m_tx="21.062809" m_ty="-100.894485"/>
  </frame>
  <frame idx="175" w="207" h="243" x="-60.597500" y="-130.707260">
   <element name="symbol0" layername="dumpling" frame="0" z_index="6" m_a="0.986672" m_b="-0.162722" m_c="0.162722" m_d="0.986672" m_tx="3.010341" m_ty="-10.340047"/>
   <element name="symbol0" layername="cloud" frame="1" z_index="4" m_a="0.245904" m_b="-0.240699" m_c="0.240699" m_d="0.245904" m_tx="18.768578" m_ty="-110.586792"/>
   <element name="symbol0" layername="cloud" frame="1" z_index="6" m_a="0.238244" m_b="0.098662" m_c="-0.094891" m_d="0.229138" m_tx="-42.529671" m_ty="-89.138435"/>
  </frame>
  <frame idx="200" w="207" h="257" x="-61.914703" y="-140.400848">
   <element name="symbol0" layername="dumpling" frame="0" z_index="6" m_a="0.990131" m_b="-0.140142" m_c="0.140142" m_d="0.990131" m_tx="3.010341" m_ty="-10.340047"/>
   <element name="symbol0" layername="cloud" frame="1" z_index="4" m_a="0.108140" m_b="-0.191261" m_c="0.191261" m_d="0.108140" m_tx="13.743053" m_ty="-119.315346"/>
   <element name="symbol0" layername="cloud" frame="1" z_index="6" m_a="0.173951" m_b="0.274575" m_c="-0.264082" m_d="0.167303" m_tx="-37.460796" m_ty="-101.254631"/>
  </frame>
  <frame idx="225" w="203" h="269" x="-59.974030" y="-147.576752">
   <element name="symbol0" layername="dumpling" frame="0" z_index="6" m_a="0.993074" m_b="-0.117489" m_c="0.117489" m_d="0.993074" m_tx="3.010341" m_ty="-10.340047"/>
   <element name="symbol0" layername="cloud" frame="1" z_index="4" m_a="0.136379" m_b="-0.115329" m_c="0.115329" m_d="0.136379" m_tx="9.759895" m_ty="-125.234581"/>
   <element name="symbol0" layername="cloud" frame="1" z_index="6" m_a="0.122363" m_b="0.259483" m_c="-0.249566" m_d="0.117687" m_tx="-32.741817" m_ty="-106.778366"/>
  </frame>
  <frame idx="250" w="199" h="281" x="-56.694717" y="-154.580826">
   <element name="symbol0" layername="dumpling" frame="0" z_index="6" m_a="0.995499" m_b="-0.094774" m_c="0.094774" m_d="0.995499" m_tx="3.010341" m_ty="-10.340047"/>
   <element name="symbol0" layername="cloud" frame="1" z_index="4" m_a="0.133756" m_b="-0.044509" m_c="0.044509" m_d="0.133756" m_tx="5.820170" m_ty="-131.036758"/>
   <element name="symbol0" layername="cloud" frame="1" z_index="6" m_a="0.080788" m_b="0.230605" m_c="-0.221792" m_d="0.077700" m_tx="-28.166130" m_ty="-112.295380"/>
  </frame>
  <frame idx="275" w="195" h="291" x="-55.287785" y="-159.523361">
   <element name="symbol0" layername="dumpling" frame="0" z_index="6" m_a="0.997404" m_b="-0.072011" m_c="0.072011" m_d="0.997404" m_tx="3.010341" m_ty="-10.340047"/>
   <element name="symbol0" layername="cloud" frame="1" z_index="4" m_a="0.107886" m_b="-0.038416" m_c="0.038416" m_d="0.107886" m_tx="2.691326" m_ty="-134.995117"/>
   <element name="symbol0" layername="cloud" frame="1" z_index="6" m_a="0.035645" m_b="0.200193" m_c="-0.192543" m_d="0.034283" m_tx="-25.775528" m_ty="-117.048691"/>
   <element name="symbol0" layername="cloud" frame="1" z_index="3" m_a="0.194935" m_b="0.020032" m_c="-0.021675" m_d="0.210920" m_tx="11.438789" m_ty="-81.525558"/>
  </frame>
  <frame idx="300" w="191" h="299" x="-53.277733" y="-163.046753">
   <element name="symbol0" layername="dumpling" frame="0" z_index="6" m_a="0.998788" m_b="-0.049209" m_c="0.049209" m_d="0.998788" m_tx="3.010341" m_ty="-10.340047"/>
   <element name="symbol0" layername="cloud" frame="1" z_index="4" m_a="0.079485" m_b="-0.048942" m_c="0.048942" m_d="0.079485" m_tx="-0.055927" m_ty="-138.085770"/>
   <element name="symbol0" layername="cloud" frame="1" z_index="6" m_a="-0.001863" m_b="0.163049" m_c="-0.156818" m_d="-0.001792" m_tx="-23.988916" m_ty="-122.164612"/>
   <element name="symbol0" layername="cloud" frame="1" z_index="3" m_a="0.211643" m_b="0.054717" m_c="-0.059204" m_d="0.228999" m_tx="11.292213" m_ty="-89.000938"/>
  </frame>
  <frame idx="325" w="185" h="306" x="-48.860867" y="-166.599625">
   <element name="symbol0" layername="dumpling" frame="0" z_index="6" m_a="0.999652" m_b="-0.026382" m_c="0.026382" m_d="0.999652" m_tx="3.010341" m_ty="-10.340047"/>
   <element name="symbol0" layername="cloud" frame="1" z_index="4" m_a="0.052223" m_b="-0.049808" m_c="0.049808" m_d="0.052223" m_tx="-2.803180" m_ty="-141.176437"/>
   <element name="symbol0" layername="cloud" frame="1" z_index="6" m_a="-0.024278" m_b="0.120352" m_c="-0.115753" m_d="-0.023350" m_tx="-21.556990" m_ty="-127.901917"/>
   <element name="symbol0" layername="cloud" frame="1" z_index="3" m_a="0.221860" m_b="0.094740" m_c="-0.102509" m_d="0.240054" m_tx="11.145638" m_ty="-96.476311"/>
  </frame>
  <frame idx="350" w="180" h="309" x="-46.085815" y="-165.389389">
   <element name="symbol0" layername="dumpling" frame="0" z_index="6" m_a="0.999994" m_b="-0.003541" m_c="0.003541" m_d="0.999994" m_tx="3.010341" m_ty="-10.340047"/>
   <element name="symbol0" layername="cloud" frame="1" z_index="4" m_a="0.054671" m_b="-0.052082" m_c="0.052082" m_d="0.054671" m_tx="-2.508441" m_ty="-139.469620"/>
   <element name="symbol0" layername="cloud" frame="1" z_index="6" m_a="-0.028473" m_b="0.095889" m_c="-0.092224" m_d="-0.027385" m_tx="-20.087589" m_ty="-130.790436"/>
   <element name="symbol0" layername="cloud" frame="1" z_index="4" m_a="0.224299" m_b="0.119224" m_c="-0.129001" m_d="0.242693" m_tx="11.062929" m_ty="-100.694443"/>
   <element name="symbol0" layername="cloud" frame="1" z_index="3" m_a="0.245062" m_b="0.021519" m_c="-0.022076" m_d="0.251410" m_tx="-30.403992" m_ty="-74.743187"/>
  </frame>
  <frame idx="375" w="178" h="310" x="-46.120399" y="-163.028519">
   <element name="symbol0" layername="dumpling" frame="0" z_index="6" m_a="0.999814" m_b="0.019301" m_c="-0.019301" m_d="0.999814" m_tx="3.010341" m_ty="-10.340047"/>
   <element name="symbol0" layername="cloud" frame="1" z_index="4" m_a="0.061144" m_b="-0.054925" m_c="0.054925" m_d="0.061144" m_tx="-1.798885" m_ty="-137.108612"/>
   <element name="symbol0" layername="cloud" frame="1" z_index="6" m_a="-0.023733" m_b="0.100820" m_c="-0.096967" m_d="-0.022826" m_tx="-20.936518" m_ty="-129.053955"/>
   <element name="symbol0" layername="cloud" frame="1" z_index="4" m_a="0.224085" m_b="0.115271" m_c="-0.124724" m_d="0.242461" m_tx="11.076022" m_ty="-100.026711"/>
   <element name="symbol0" layername="cloud" frame="1" z_index="3" m_a="0.282917" m_b="0.089551" m_c="-0.091870" m_d="0.290245" m_tx="-27.775536" m_ty="-80.299637"/>
  </frame>
  <frame idx="400" w="177" h="311" x="-46.891735" y="-160.668884">
   <element name="symbol0" layername="dumpling" frame="0" z_index="6" m_a="0.999112" m_b="0.042134" m_c="-0.042134" m_d="0.999112" m_tx="3.010341" m_ty="-10.340047"/>
   <element name="symbol0" layername="cloud" frame="1" z_index="4" m_a="0.067826" m_b="-0.057431" m_c="0.057431" m_d="0.067826" m_tx="-1.089330" m_ty="-134.747589"/>
   <element name="symbol0" layername="cloud" frame="1" z_index="6" m_a="-0.018517" m_b="0.105512" m_c="-0.101480" m_d="-0.017809" m_tx="-21.784401" m_ty="-127.314613"/>
   <element name="symbol0" layername="cloud" frame="1" z_index="4" m_a="0.223804" m_b="0.111346" m_c="-0.120477" m_d="0.242157" m_tx="11.089114" m_ty="-99.358978"/>
   <element name="symbol0" layername="cloud" frame="1" z_index="3" m_a="0.300608" m_b="0.174324" m_c="-0.178840" m_d="0.308395" m_tx="-25.995577" m_ty="-85.166374"/>
  </frame>
  <frame idx="425" w="176" h="312" x="-47.599136" y="-158.310516">
   <element name="symbol0" layername="dumpling" frame="0" z_index="6" m_a="0.997889" m_b="0.064944" m_c="-0.064944" m_d="0.997889" m_tx="3.010341" m_ty="-10.340047"/>
   <element name="symbol0" layername="cloud" frame="1" z_index="4" m_a="0.074702" m_b="-0.059589" m_c="0.059589" m_d="0.074702" m_tx="-0.379774" m_ty="-132.386581"/>
   <element name="symbol0" layername="cloud" frame="1" z_index="6" m_a="-0.012838" m_b="0.109927" m_c="-0.105726" m_d="-0.012348" m_tx="-22.631016" m_ty="-125.572495"/>
   <element name="symbol0" layername="cloud" frame="1" z_index="4" m_a="0.223459" m_b="0.107449" m_c="-0.116260" m_d="0.241784" m_tx="11.102207" m_ty="-98.691238"/>
   <element name="symbol0" layername="cloud" frame="1" z_index="3" m_a="0.292885" m_b="0.269845" m_c="-0.276834" m_d="0.300472" m_tx="-25.405964" m_ty="-89.786659"/>
  </frame>
  <frame idx="450" w="173" h="314" x="-47.740692" y="-156.453400">
   <element name="symbol0" layername="dumpling" frame="0" z_index="6" m_a="0.996145" m_b="0.087721" m_c="-0.087721" m_d="0.996145" m_tx="3.010341" m_ty="-10.340047"/>
   <element name="symbol0" layername="cloud" frame="1" z_index="4" m_a="0.081759" m_b="-0.061390" m_c="0.061390" m_d="0.081759" m_tx="0.329781" m_ty="-130.025558"/>
   <element name="symbol0" layername="cloud" frame="1" z_index="6" m_a="-0.006713" m_b="0.114025" m_c="-0.109668" m_d="-0.006456" m_tx="-23.476139" m_ty="-123.827644"/>
   <element name="symbol0" layername="cloud" frame="1" z_index="4" m_a="0.223050" m_b="0.103582" m_c="-0.112076" m_d="0.241341" m_tx="11.115300" m_ty="-98.023506"/>
   <element name="symbol0" layername="cloud" frame="1" z_index="3" m_a="0.294494" m_b="0.262174" m_c="-0.268965" m_d="0.302122" m_tx="-25.286779" m_ty="-89.470421"/>
  </frame>
  <frame idx="475" w="172" h="315" x="-48.314774" y="-154.097565">
   <element name="symbol0" layername="dumpling" frame="0" z_index="6" m_a="0.993881" m_b="0.110452" m_c="-0.110452" m_d="0.993881" m_tx="3.010341" m_ty="-10.340047"/>
   <element name="symbol0" layername="cloud" frame="1" z_index="4" m_a="0.088981" m_b="-0.062825" m_c="0.062825" m_d="0.088981" m_tx="1.039337" m_ty="-127.664543"/>
   <element name="symbol0" layername="cloud" frame="1" z_index="6" m_a="-0.000158" m_b="0.117772" m_c="-0.113271" m_d="-0.000152" m_tx="-24.319548" m_ty="-122.080132"/>
   <element name="symbol0" layername="cloud" frame="1" z_index="4" m_a="0.222578" m_b="0.099745" m_c="-0.107925" m_d="0.240830" m_tx="11.128393" m_ty="-97.355774"/>
   <element name="symbol0" layername="cloud" frame="1" z_index="3" m_a="0.288917" m_b="0.107524" m_c="-0.110309" m_d="0.296401" m_tx="-27.094786" m_ty="-81.726524"/>
  </frame>
  <frame idx="500" w="171" h="330" x="-48.818253" y="-165.233078">
   <element name="symbol0" layername="dumpling" frame="0" z_index="5" m_a="0.991258" m_b="0.131941" m_c="-0.131941" m_d="0.991258" m_tx="3.010341" m_ty="-10.340047"/>
   <element name="symbol0" layername="cloud" frame="1" z_index="4" m_a="0.096352" m_b="-0.063887" m_c="0.063887" m_d="0.096352" m_tx="1.748893" m_ty="-125.303528"/>
   <element name="symbol0" layername="cloud" frame="1" z_index="6" m_a="0.006896" m_b="0.121170" m_c="-0.116539" m_d="0.006632" m_tx="-25.163855" m_ty="-120.307449"/>
   <element name="symbol0" layername="cloud" frame="1" z_index="5" m_a="0.098865" m_b="0.180076" m_c="-0.194843" m_d="0.106973" m_tx="4.891487" m_ty="-137.072647"/>
   <element name="symbol0" layername="cloud" frame="1" z_index="6" m_a="0.365404" m_b="0.000000" m_c="0.000000" m_d="0.374868" m_tx="-11.239719" m_ty="-106.140404"/>
  </frame>
  <frame idx="525" w="172" h="329" x="-49.172371" y="-165.233078">
   <element name="symbol0" layername="dumpling" frame="0" z_index="5" m_a="0.992160" m_b="0.124970" m_c="-0.124970" m_d="0.992160" m_tx="3.010341" m_ty="-10.340047"/>
   <element name="symbol0" layername="cloud" frame="1" z_index="4" m_a="0.103856" m_b="-0.064568" m_c="0.064568" m_d="0.103856" m_tx="2.458448" m_ty="-122.942513"/>
   <element name="symbol0" layername="cloud" frame="1" z_index="6" m_a="0.016657" m_b="0.124936" m_c="-0.120161" m_d="0.016021" m_tx="-26.065039" m_ty="-118.004372"/>
   <element name="symbol0" layername="cloud" frame="1" z_index="5" m_a="0.098865" m_b="0.180076" m_c="-0.194843" m_d="0.106973" m_tx="4.891487" m_ty="-137.072647"/>
   <element name="symbol0" layername="cloud" frame="1" z_index="4" m_a="0.329247" m_b="0.048779" m_c="-0.050042" m_d="0.337774" m_tx="-10.187716" m_ty="-110.923729"/>
  </frame>
  <frame idx="550" w="172" h="328" x="-49.391438" y="-165.233078">
   <element name="symbol0" layername="dumpling" frame="0" z_index="5" m_a="0.993014" m_b="0.117993" m_c="-0.117993" m_d="0.993014" m_tx="3.010341" m_ty="-10.340047"/>
   <element name="symbol0" layername="cloud" frame="1" z_index="4" m_a="0.111479" m_b="-0.064861" m_c="0.064861" m_d="0.111479" m_tx="3.168004" m_ty="-120.581497"/>
   <element name="symbol0" layername="cloud" frame="1" z_index="6" m_a="0.027025" m_b="0.127893" m_c="-0.123005" m_d="0.025992" m_tx="-26.949060" m_ty="-115.729721"/>
   <element name="symbol0" layername="cloud" frame="1" z_index="5" m_a="0.098865" m_b="0.180076" m_c="-0.194843" m_d="0.106973" m_tx="4.891487" m_ty="-137.072647"/>
   <element name="symbol0" layername="cloud" frame="1" z_index="4" m_a="0.287379" m_b="0.087062" m_c="-0.089317" m_d="0.294822" m_tx="-9.103571" m_ty="-115.753647"/>
  </frame>
  <frame idx="575" w="173" h="327" x="-49.479359" y="-165.233078">
   <element name="symbol0" layername="dumpling" frame="0" z_index="5" m_a="0.993819" m_b="0.111011" m_c="-0.111011" m_d="0.993819" m_tx="3.010341" m_ty="-10.340047"/>
   <element name="symbol0" layername="cloud" frame="1" z_index="4" m_a="0.119202" m_b="-0.064761" m_c="0.064761" m_d="0.119202" m_tx="3.877559" m_ty="-118.220482"/>
   <element name="symbol0" layername="cloud" frame="1" z_index="6" m_a="0.037929" m_b="0.129971" m_c="-0.125004" m_d="0.036479" m_tx="-27.819452" m_ty="-113.486877"/>
   <element name="symbol0" layername="cloud" frame="1" z_index="5" m_a="0.098865" m_b="0.180076" m_c="-0.194843" m_d="0.106973" m_tx="4.891487" m_ty="-137.072647"/>
   <element name="symbol0" layername="cloud" frame="1" z_index="4" m_a="0.242072" m_b="0.114332" m_c="-0.117293" m_d="0.248342" m_tx="-7.980229" m_ty="-120.621651"/>
  </frame>
  <frame idx="600" w="174" h="330" x="-49.441593" y="-168.349747">
   <element name="symbol0" layername="dumpling" frame="0" z_index="5" m_a="0.994575" m_b="0.104023" m_c="-0.104023" m_d="0.994575" m_tx="3.010341" m_ty="-10.340047"/>
   <element name="symbol0" layername="cloud" frame="1" z_index="4" m_a="0.127010" m_b="-0.064261" m_c="0.064261" m_d="0.127010" m_tx="4.587115" m_ty="-115.859459"/>
   <element name="symbol0" layername="cloud" frame="1" z_index="6" m_a="0.049295" m_b="0.131106" m_c="-0.126096" m_d="0.047411" m_tx="-28.680233" m_ty="-111.278801"/>
   <element name="symbol0" layername="cloud" frame="1" z_index="6" m_a="0.060363" m_b="0.080403" m_c="-0.086997" m_d="0.065314" m_tx="3.376187" m_ty="-140.532150"/>
   <element name="symbol0" layername="cloud" frame="1" z_index="5" m_a="0.196902" m_b="0.129471" m_c="-0.131032" m_d="0.199275" m_tx="-6.804674" m_ty="-125.381401"/>
  </frame>
  <frame idx="625" w="174" h="324" x="-49.285122" y="-163.855576">
   <element name="symbol0" layername="dumpling" frame="0" z_index="5" m_a="0.995282" m_b="0.097029" m_c="-0.097029" m_d="0.995282" m_tx="3.010341" m_ty="-10.340047"/>
   <element name="symbol0" layername="cloud" frame="1" z_index="4" m_a="0.134886" m_b="-0.063358" m_c="0.063358" m_d="0.134886" m_tx="5.296671" m_ty="-113.498444"/>
   <element name="symbol0" layername="cloud" frame="1" z_index="6" m_a="0.061040" m_b="0.131242" m_c="-0.126227" m_d="0.058707" m_tx="-29.535872" m_ty="-109.108040"/>
   <element name="symbol0" layername="cloud" frame="1" z_index="6" m_a="0.068146" m_b="0.080593" m_c="-0.087202" m_d="0.073735" m_tx="3.886329" m_ty="-136.526535"/>
   <element name="symbol0" layername="cloud" frame="1" z_index="5" m_a="0.182527" m_b="0.114946" m_c="-0.072710" m_d="0.115459" m_tx="-5.427796" m_ty="-126.871414"/>
  </frame>
  <frame idx="650" w="176" h="318" x="-49.518471" y="-159.359833">
   <element name="symbol0" layername="dumpling" frame="0" z_index="5" m_a="0.995939" m_b="0.090031" m_c="-0.090031" m_d="0.995939" m_tx="3.010341" m_ty="-10.340047"/>
   <element name="symbol0" layername="cloud" frame="1" z_index="4" m_a="0.142813" m_b="-0.062045" m_c="0.062045" m_d="0.142813" m_tx="6.006226" m_ty="-111.137428"/>
   <element name="symbol0" layername="cloud" frame="1" z_index="6" m_a="0.073077" m_b="0.130328" m_c="-0.125348" m_d="0.070284" m_tx="-30.391237" m_ty="-106.976570"/>
   <element name="symbol0" layername="cloud" frame="1" z_index="6" m_a="0.076143" m_b="0.080138" m_c="-0.086710" m_d="0.082387" m_tx="4.396471" m_ty="-132.520920"/>
   <element name="symbol0" layername="cloud" frame="1" z_index="5" m_a="0.167663" m_b="0.101040" m_c="-0.017755" m_d="0.029461" m_tx="-4.065825" m_ty="-128.369095"/>
  </frame>
  <frame idx="675" w="176" h="314" x="-49.151524" y="-156.552551">
   <element name="symbol0" layername="dumpling" frame="0" z_index="5" m_a="0.996547" m_b="0.083029" m_c="-0.083029" m_d="0.996547" m_tx="3.010341" m_ty="-10.340047"/>
   <element name="symbol0" layername="cloud" frame="1" z_index="4" m_a="0.150773" m_b="-0.060321" m_c="0.060321" m_d="0.150773" m_tx="6.715782" m_ty="-108.776413"/>
   <element name="symbol0" layername="cloud" frame="1" z_index="6" m_a="0.085313" m_b="0.128322" m_c="-0.123418" m_d="0.082052" m_tx="-31.251528" m_ty="-104.885841"/>
   <element name="symbol0" layername="cloud" frame="1" z_index="6" m_a="0.084304" m_b="0.079016" m_c="-0.085496" m_d="0.091217" m_tx="4.906613" m_ty="-128.515305"/>
   <element name="symbol0" layername="cloud" frame="1" z_index="5" m_a="0.152329" m_b="0.087766" m_c="0.033773" m_d="-0.058618" m_tx="-2.718981" m_ty="-129.873993"/>
  </frame>
  <frame idx="700" w="176" h="314" x="-48.695591" y="-158.009384">
   <element name="symbol0" layername="dumpling" frame="0" z_index="5" m_a="0.997106" m_b="0.076022" m_c="-0.076022" m_d="0.997106" m_tx="3.010341" m_ty="-10.340047"/>
   <element name="symbol0" layername="cloud" frame="1" z_index="4" m_a="0.158749" m_b="-0.058182" m_c="0.058182" m_d="0.158749" m_tx="7.425337" m_ty="-106.415398"/>
   <element name="symbol0" layername="cloud" frame="1" z_index="6" m_a="0.097648" m_b="0.125189" m_c="-0.120405" m_d="0.093916" m_tx="-32.122234" m_ty="-102.836662"/>
   <element name="symbol0" layername="cloud" frame="1" z_index="6" m_a="0.092578" m_b="0.077206" m_c="-0.083538" m_d="0.100170" m_tx="5.416756" m_ty="-124.509682"/>
   <element name="symbol0" layername="cloud" frame="1" z_index="5" m_a="0.136868" m_b="0.075455" m_c="0.079774" m_d="-0.144701" m_tx="-1.437064" m_ty="-131.477905"/>
   <element name="symbol0" layername="cloud" frame="1" z_index="4" m_a="0.215663" m_b="0.000000" m_c="0.000000" m_d="0.240171" m_tx="18.677885" m_ty="-91.086540"/>
  </frame>
  <frame idx="725" w="176" h="317" x="-48.177399" y="-161.828476">
   <element name="symbol0" layername="dumpling" frame="0" z_index="5" m_a="0.997616" m_b="0.069012" m_c="-0.069012" m_d="0.997616" m_tx="3.010341" m_ty="-10.340047"/>
   <element name="symbol0" layername="cloud" frame="1" z_index="4" m_a="0.166724" m_b="-0.055626" m_c="0.055626" m_d="0.166724" m_tx="8.134893" m_ty="-104.054382"/>
   <element name="symbol0" layername="cloud" frame="1" z_index="6" m_a="0.109982" m_b="0.120905" m_c="-0.116284" m_d="0.105779" m_tx="-33.009060" m_ty="-100.829224"/>
   <element name="symbol0" layername="cloud" frame="1" z_index="6" m_a="0.100913" m_b="0.074693" m_c="-0.080818" m_d="0.109188" m_tx="5.926898" m_ty="-120.504066"/>
   <element name="symbol0" layername="cloud" frame="1" z_index="5" m_a="0.128924" m_b="0.071076" m_c="0.075144" m_d="-0.136303" m_tx="-1.352931" m_ty="-135.298828"/>
   <element name="symbol0" layername="cloud" frame="1" z_index="4" m_a="0.246698" m_b="0.000000" m_c="0.000000" m_d="0.274733" m_tx="16.875000" m_ty="-96.615387"/>
  </frame>
  <frame idx="750" w="178" h="321" x="-49.128410" y="-166.147598">
   <element name="symbol0" layername="dumpling" frame="0" z_index="5" m_a="0.998076" m_b="0.061998" m_c="-0.061998" m_d="0.998076" m_tx="3.010341" m_ty="-10.340047"/>
   <element name="symbol0" layername="cloud" frame="1" z_index="4" m_a="0.174680" m_b="-0.052650" m_c="0.052650" m_d="0.174680" m_tx="8.844448" m_ty="-101.693367"/>
   <element name="symbol0" layername="cloud" frame="1" z_index="6" m_a="0.122209" m_b="0.115452" m_c="-0.111040" m_d="0.117539" m_tx="-33.917839" m_ty="-98.863022"/>
   <element name="symbol0" layername="cloud" frame="1" z_index="6" m_a="0.109253" m_b="0.071463" m_c="-0.077324" m_d="0.118213" m_tx="6.437040" m_ty="-116.498451"/>
   <element name="symbol0" layername="cloud" frame="1" z_index="5" m_a="0.120981" m_b="0.066697" m_c="0.070514" m_d="-0.127905" m_tx="-1.268798" m_ty="-139.119766"/>
   <element name="symbol0" layername="cloud" frame="1" z_index="4" m_a="0.277732" m_b="0.000000" m_c="0.000000" m_d="0.309294" m_tx="15.072116" m_ty="-102.144234"/>
  </frame>
  <frame idx="775" w="179" h="324" x="-50.108116" y="-169.966690">
   <element name="symbol0" layername="dumpling" frame="0" z_index="5" m_a="0.998487" m_b="0.054981" m_c="-0.054981" m_d="0.998487" m_tx="3.010341" m_ty="-10.340047"/>
   <element name="symbol0" layername="cloud" frame="1" z_index="4" m_a="0.182599" m_b="-0.049255" m_c="0.049255" m_d="0.182599" m_tx="9.554005" m_ty="-99.332352"/>
   <element name="symbol0" layername="cloud" frame="1" z_index="6" m_a="0.134222" m_b="0.108824" m_c="-0.104665" m_d="0.129092" m_tx="-34.854473" m_ty="-96.936821"/>
   <element name="symbol0" layername="cloud" frame="1" z_index="6" m_a="0.117544" m_b="0.067509" m_c="-0.073045" m_d="0.127184" m_tx="6.947182" m_ty="-112.492844"/>
   <element name="symbol0" layername="cloud" frame="1" z_index="5" m_a="0.113037" m_b="0.062317" m_c="0.065884" m_d="-0.119507" m_tx="-1.184666" m_ty="-142.940689"/>
   <element name="symbol0" layername="cloud" frame="1" z_index="4" m_a="0.308767" m_b="0.000000" m_c="0.000000" m_d="0.343856" m_tx="13.269231" m_ty="-107.673073"/>
  </frame>
  <frame idx="800" w="182" h="327" x="-51.622108" y="-173.716171">
   <element name="symbol0" layername="dumpling" frame="0" z_index="5" m_a="0.998849" m_b="0.047962" m_c="-0.047962" m_d="0.998849" m_tx="3.010341" m_ty="-10.340047"/>
   <element name="symbol0" layername="cloud" frame="1" z_index="4" m_a="0.190463" m_b="-0.045440" m_c="0.045440" m_d="0.190463" m_tx="10.263559" m_ty="-96.971336"/>
   <element name="symbol0" layername="cloud" frame="1" z_index="6" m_a="0.145911" m_b="0.101023" m_c="-0.097162" m_d="0.140335" m_tx="-35.824871" m_ty="-95.048721"/>
   <element name="symbol0" layername="cloud" frame="1" z_index="6" m_a="0.125730" m_b="0.062827" m_c="-0.067979" m_d="0.136040" m_tx="7.457324" m_ty="-108.487228"/>
   <element name="symbol0" layername="cloud" frame="1" z_index="5" m_a="0.106016" m_b="0.058101" m_c="0.060302" m_d="-0.110033" m_tx="-1.271274" m_ty="-146.190140"/>
   <element name="symbol0" layername="cloud" frame="1" z_index="4" m_a="0.338560" m_b="0.000000" m_c="0.000000" m_d="0.377035" m_tx="11.538462" m_ty="-112.980766"/>
  </frame>
  <frame idx="825" w="183" h="312" x="-52.675835" y="-161.941269">
   <element name="symbol0" layername="dumpling" frame="0" z_index="5" m_a="0.999162" m_b="0.040940" m_c="-0.040940" m_d="0.999162" m_tx="3.010341" m_ty="-10.340047"/>
   <element name="symbol0" layername="cloud" frame="1" z_index="4" m_a="0.198255" m_b="-0.041206" m_c="0.041206" m_d="0.198255" m_tx="10.973115" m_ty="-94.610321"/>
   <element name="symbol0" layername="cloud" frame="1" z_index="6" m_a="0.157167" m_b="0.092062" m_c="-0.088544" m_d="0.151161" m_tx="-36.834816" m_ty="-93.196030"/>
   <element name="symbol0" layername="cloud" frame="1" z_index="6" m_a="0.133752" m_b="0.057415" m_c="-0.062124" m_d="0.144721" m_tx="7.967466" m_ty="-104.481613"/>
   <element name="symbol0" layername="cloud" frame="1" z_index="5" m_a="0.121308" m_b="0.056912" m_c="0.034338" m_d="-0.073191" m_tx="-5.337303" m_ty="-135.871002"/>
   <element name="symbol0" layername="cloud" frame="1" z_index="4" m_a="0.338560" m_b="0.000000" m_c="0.000000" m_d="0.377035" m_tx="11.538462" m_ty="-112.980766"/>
  </frame>
  <frame idx="850" w="185" h="299" x="-53.774582" y="-150.970322">
   <element name="symbol0" layername="dumpling" frame="0" z_index="5" m_a="0.999425" m_b="0.033916" m_c="-0.033916" m_d="0.999425" m_tx="3.010341" m_ty="-10.340047"/>
   <element name="symbol0" layername="cloud" frame="1" z_index="4" m_a="0.205957" m_b="-0.036553" m_c="0.036553" m_d="0.205957" m_tx="11.682672" m_ty="-92.249298"/>
   <element name="symbol0" layername="cloud" frame="1" z_index="6" m_a="0.167881" m_b="0.081964" m_c="-0.078831" m_d="0.161465" m_tx="-37.889938" m_ty="-91.375381"/>
   <element name="symbol0" layername="cloud" frame="1" z_index="6" m_a="0.141554" m_b="0.051279" m_c="-0.055484" m_d="0.153163" m_tx="8.477609" m_ty="-100.475998"/>
   <element name="symbol0" layername="cloud" frame="1" z_index="5" m_a="0.136820" m_b="0.054015" m_c="0.013299" m_d="-0.033687" m_tx="-9.214850" m_ty="-125.857338"/>
   <element name="symbol0" layername="cloud" frame="1" z_index="4" m_a="0.338560" m_b="0.000000" m_c="0.000000" m_d="0.377035" m_tx="11.538462" m_ty="-112.980766"/>
  </frame>
  <frame idx="875" w="188" h="287" x="-55.423359" y="-140.330887">
   <element name="symbol0" layername="dumpling" frame="0" z_index="5" m_a="0.999638" m_b="0.026890" m_c="-0.026890" m_d="0.999638" m_tx="3.010341" m_ty="-10.340047"/>
   <element name="symbol0" layername="cloud" frame="1" z_index="4" m_a="0.213551" m_b="-0.031484" m_c="0.031484" m_d="0.213551" m_tx="12.392226" m_ty="-89.888290"/>
   <element name="symbol0" layername="cloud" frame="1" z_index="6" m_a="0.177943" m_b="0.070761" m_c="-0.068056" m_d="0.171143" m_tx="-38.995605" m_ty="-89.582634"/>
   <element name="symbol0" layername="cloud" frame="1" z_index="6" m_a="0.149079" m_b="0.044427" m_c="-0.048070" m_d="0.161304" m_tx="8.987751" m_ty="-96.470375"/>
   <element name="symbol0" layername="cloud" frame="1" z_index="5" m_a="0.152398" m_b="0.049378" m_c="-0.002593" m_d="0.008002" m_tx="-12.964318" m_ty="-116.177391"/>
   <element name="symbol0" layername="cloud" frame="1" z_index="4" m_a="0.338560" m_b="0.000000" m_c="0.000000" m_d="0.377035" m_tx="11.538462" m_ty="-112.980766"/>
  </frame>
  <frame idx="900" w="189" h="304" x="-56.626835" y="-156.878159">
   <element name="symbol0" layername="dumpling" frame="0" z_index="5" m_a="0.999803" m_b="0.019864" m_c="-0.019864" m_d="0.999803" m_tx="3.010341" m_ty="-10.340047"/>
   <element name="symbol0" layername="cloud" frame="1" z_index="4" m_a="0.221018" m_b="-0.026000" m_c="0.026000" m_d="0.221018" m_tx="13.101782" m_ty="-87.527275"/>
   <element name="symbol0" layername="cloud" frame="1" z_index="6" m_a="0.187247" m_b="0.058495" m_c="-0.056260" m_d="0.180091" m_tx="-40.156841" m_ty="-87.813004"/>
   <element name="symbol0" layername="cloud" frame="1" z_index="6" m_a="0.156269" m_b="0.036870" m_c="-0.039893" m_d="0.169084" m_tx="9.497893" m_ty="-92.464767"/>
   <element name="symbol0" layername="cloud" frame="1" z_index="5" m_a="0.167884" m_b="0.042987" m_c="-0.013156" m_d="0.051382" m_tx="-16.649179" m_ty="-106.851639"/>
   <element name="symbol0" layername="cloud" frame="1" z_index="6" m_a="0.119857" m_b="0.095190" m_c="-0.106007" m_d="0.133477" m_tx="-6.231146" m_ty="-130.929489"/>
  </frame>
  <frame idx="925" w="191" h="291" x="-57.889248" y="-145.861526">
   <element name="symbol0" layername="dumpling" frame="0" z_index="5" m_a="0.999918" m_b="0.012835" m_c="-0.012835" m_d="0.999918" m_tx="3.010341" m_ty="-10.340047"/>
   <element name="symbol0" layername="cloud" frame="1" z_index="4" m_a="0.228342" m_b="-0.020106" m_c="0.020106" m_d="0.228342" m_tx="13.811337" m_ty="-85.166252"/>
   <element name="symbol0" layername="cloud" frame="1" z_index="6" m_a="0.195690" m_b="0.045220" m_c="-0.043491" m_d="0.188211" m_tx="-41.378258" m_ty="-86.060997"/>
   <element name="symbol0" layername="cloud" frame="1" z_index="6" m_a="0.163068" m_b="0.028626" m_c="-0.030973" m_d="0.176440" m_tx="10.008036" m_ty="-88.459152"/>
   <element name="symbol0" layername="cloud" frame="1" z_index="5" m_a="0.183117" m_b="0.034838" m_c="-0.018254" m_d="0.095947" m_tx="-20.335157" m_ty="-97.892525"/>
   <element name="symbol0" layername="cloud" frame="1" z_index="6" m_a="0.147509" m_b="0.081236" m_c="-0.090468" m_d="0.164272" m_tx="0.014141" m_ty="-120.913467"/>
  </frame>
  <frame idx="950" w="194" h="278" x="-59.714321" y="-134.822876">
   <element name="symbol0" layername="dumpling" frame="0" z_index="5" m_a="0.999983" m_b="0.005807" m_c="-0.005807" m_d="0.999983" m_tx="3.010341" m_ty="-10.340047"/>
   <element name="symbol0" layername="cloud" frame="1" z_index="4" m_a="0.235505" m_b="-0.013805" m_c="0.013805" m_d="0.235505" m_tx="14.520893" m_ty="-82.805237"/>
   <element name="symbol0" layername="cloud" frame="1" z_index="6" m_a="0.203171" m_b="0.030996" m_c="-0.029812" m_d="0.195407" m_tx="-42.663944" m_ty="-84.320473"/>
   <element name="symbol0" layername="cloud" frame="1" z_index="6" m_a="0.169419" m_b="0.019716" m_c="-0.021332" m_d="0.183312" m_tx="10.518177" m_ty="-84.453537"/>
   <element name="symbol0" layername="cloud" frame="1" z_index="5" m_a="0.197939" m_b="0.024939" m_c="-0.017788" m_d="0.141180" m_tx="-24.089367" m_ty="-89.304283"/>
   <element name="symbol0" layername="cloud" frame="1" z_index="6" m_a="0.173490" m_b="0.060512" m_c="-0.067388" m_d="0.193205" m_tx="6.259428" m_ty="-110.897438"/>
  </frame>
  <frame idx="975" w="196" h="263" x="-61.105240" y="-123.260666">
   <element name="symbol0" layername="dumpling" frame="0" z_index="5" m_a="0.999999" m_b="-0.001222" m_c="0.001222" m_d="0.999999" m_tx="3.010341" m_ty="-10.340047"/>
   <element name="symbol0" layername="cloud" frame="1" z_index="4" m_a="0.242489" m_b="-0.007101" m_c="0.007101" m_d="0.242489" m_tx="15.230449" m_ty="-80.444221"/>
   <element name="symbol0" layername="cloud" frame="1" z_index="6" m_a="0.209596" m_b="0.015896" m_c="-0.015289" m_d="0.201585" m_tx="-44.017445" m_ty="-82.584724"/>
   <element name="symbol0" layername="cloud" frame="1" z_index="6" m_a="0.175270" m_b="0.010164" m_c="-0.010997" m_d="0.189643" m_tx="11.028319" m_ty="-80.447922"/>
   <element name="symbol0" layername="cloud" frame="1" z_index="5" m_a="0.212188" m_b="0.013315" m_c="-0.011706" m_d="0.186558" m_tx="-27.979471" m_ty="-81.082756"/>
   <element name="symbol0" layername="cloud" frame="1" z_index="6" m_a="0.196285" m_b="0.033249" m_c="-0.037027" m_d="0.218591" m_tx="12.504713" m_ty="-100.881416"/>
  </frame>
 </anim>
</Anims>
