<Anims>
 <anim name="idle" root="dumpling" numframes="1000" framerate="40">
  <frame idx="0" w="140" h="200" x="-11.498499" y="-67.460182">
   <element name="symbol0" layername="dumpling" frame="0" z_index="1" m_a="0.999966" m_b="-0.008250" m_c="0.008250" m_d="0.999966" m_tx="1.010341" m_ty="-11.340047"/>
  </frame>
  <frame idx="25" w="140" h="200" x="-11.378904" y="-67.461555">
   <element name="symbol0" layername="dumpling" frame="0" z_index="1" m_a="0.999987" m_b="-0.005193" m_c="0.005193" m_d="0.999987" m_tx="1.010341" m_ty="-11.340047"/>
  </frame>
  <frame idx="50" w="140" h="200" x="-11.259307" y="-67.462563">
   <element name="symbol0" layername="dumpling" frame="0" z_index="1" m_a="0.999998" m_b="-0.002136" m_c="0.002136" m_d="0.999998" m_tx="1.010341" m_ty="-11.340047"/>
  </frame>
  <frame idx="75" w="138" h="201" x="-10.639708" y="-67.463203">
   <element name="symbol0" layername="dumpling" frame="0" z_index="1" m_a="1.000000" m_b="0.000921" m_c="-0.000921" m_d="1.000000" m_tx="1.010341" m_ty="-11.340047"/>
  </frame>
  <frame idx="100" w="138" h="201" x="-10.520106" y="-67.463478">
   <element name="symbol0" layername="dumpling" frame="0" z_index="1" m_a="0.999992" m_b="0.003978" m_c="-0.003978" m_d="0.999992" m_tx="1.010341" m_ty="-11.340047"/>
  </frame>
  <frame idx="125" w="138" h="202" x="-10.400504" y="-67.463394">
   <element name="symbol0" layername="dumpling" frame="0" z_index="1" m_a="0.999975" m_b="0.007035" m_c="-0.007035" m_d="0.999975" m_tx="1.010341" m_ty="-11.340047"/>
  </frame>
  <frame idx="150" w="137" h="202" x="-10.280904" y="-67.462936">
   <element name="symbol0" layername="dumpling" frame="0" z_index="1" m_a="0.999949" m_b="0.010092" m_c="-0.010092" m_d="0.999949" m_tx="1.010341" m_ty="-11.340047"/>
  </frame>
  <frame idx="175" w="137" h="203" x="-10.161304" y="-67.462112">
   <element name="symbol0" layername="dumpling" frame="0" z_index="1" m_a="0.999914" m_b="0.013149" m_c="-0.013149" m_d="0.999914" m_tx="1.010341" m_ty="-11.340047"/>
  </frame>
  <frame idx="200" w="137" h="203" x="-10.041709" y="-67.460922">
   <element name="symbol0" layername="dumpling" frame="0" z_index="1" m_a="0.999869" m_b="0.016205" m_c="-0.016205" m_d="0.999869" m_tx="1.010341" m_ty="-11.340047"/>
  </frame>
  <frame idx="225" w="136" h="205" x="-9.922117" y="-67.959373">
   <element name="symbol0" layername="dumpling" frame="0" z_index="1" m_a="0.999814" m_b="0.019262" m_c="-0.019262" m_d="0.999814" m_tx="1.010341" m_ty="-11.340047"/>
  </frame>
  <frame idx="250" w="136" h="205" x="-9.802531" y="-67.957458">
   <element name="symbol0" layername="dumpling" frame="0" z_index="1" m_a="0.999751" m_b="0.022318" m_c="-0.022318" m_d="0.999751" m_tx="1.010341" m_ty="-11.340047"/>
  </frame>
  <frame idx="275" w="136" h="206" x="-9.682951" y="-67.955170">
   <element name="symbol0" layername="dumpling" frame="0" z_index="1" m_a="0.999678" m_b="0.025374" m_c="-0.025374" m_d="0.999678" m_tx="1.010341" m_ty="-11.340047"/>
  </frame>
  <frame idx="300" w="135" h="206" x="-9.584511" y="-67.953018">
   <element name="symbol0" layername="dumpling" frame="0" z_index="1" m_a="0.999611" m_b="0.027890" m_c="-0.027890" m_d="0.999611" m_tx="1.010341" m_ty="-11.340047"/>
  </frame>
  <frame idx="325" w="136" h="205" x="-9.729039" y="-67.956100">
   <element name="symbol0" layername="dumpling" frame="0" z_index="1" m_a="0.999707" m_b="0.024196" m_c="-0.024196" m_d="0.999707" m_tx="1.010341" m_ty="-11.340047"/>
  </frame>
  <frame idx="350" w="136" h="205" x="-9.873541" y="-67.958633">
   <element name="symbol0" layername="dumpling" frame="0" z_index="1" m_a="0.999790" m_b="0.020503" m_c="-0.020503" m_d="0.999790" m_tx="1.010341" m_ty="-11.340047"/>
  </frame>
  <frame idx="375" w="137" h="203" x="-10.018088" y="-67.460648">
   <element name="symbol0" layername="dumpling" frame="0" z_index="1" m_a="0.999859" m_b="0.016809" m_c="-0.016809" m_d="0.999859" m_tx="1.010341" m_ty="-11.340047"/>
  </frame>
  <frame idx="400" w="137" h="203" x="-10.162642" y="-67.462128">
   <element name="symbol0" layername="dumpling" frame="0" z_index="1" m_a="0.999914" m_b="0.013114" m_c="-0.013114" m_d="0.999914" m_tx="1.010341" m_ty="-11.340047"/>
  </frame>
  <frame idx="425" w="137" h="202" x="-10.307163" y="-67.463066">
   <element name="symbol0" layername="dumpling" frame="0" z_index="1" m_a="0.999956" m_b="0.009421" m_c="-0.009421" m_d="0.999956" m_tx="1.010341" m_ty="-11.340047"/>
  </frame>
  <frame idx="450" w="138" h="202" x="-10.451724" y="-67.463470">
   <element name="symbol0" layername="dumpling" frame="0" z_index="1" m_a="0.999984" m_b="0.005726" m_c="-0.005726" m_d="0.999984" m_tx="1.010341" m_ty="-11.340047"/>
  </frame>
  <frame idx="475" w="138" h="201" x="-10.596286" y="-67.463348">
   <element name="symbol0" layername="dumpling" frame="0" z_index="1" m_a="0.999998" m_b="0.002031" m_c="-0.002031" m_d="0.999998" m_tx="1.010341" m_ty="-11.340047"/>
  </frame>
  <frame idx="500" w="140" h="201" x="-11.240808" y="-67.462685">
   <element name="symbol0" layername="dumpling" frame="0" z_index="1" m_a="0.999999" m_b="-0.001663" m_c="0.001663" m_d="0.999999" m_tx="1.010341" m_ty="-11.340047"/>
  </frame>
  <frame idx="525" w="140" h="200" x="-11.385365" y="-67.461487">
   <element name="symbol0" layername="dumpling" frame="0" z_index="1" m_a="0.999986" m_b="-0.005358" m_c="0.005358" m_d="0.999986" m_tx="1.010341" m_ty="-11.340047"/>
  </frame>
  <frame idx="550" w="141" h="199" x="-11.632667" y="-67.458206">
   <element name="symbol0" layername="dumpling" frame="0" z_index="1" m_a="0.999932" m_b="-0.011680" m_c="0.011680" m_d="0.999932" m_tx="1.010341" m_ty="-11.340047"/>
  </frame>
  <frame idx="575" w="143" h="195" x="-12.419284" y="-66.937363">
   <element name="symbol0" layername="dumpling" frame="0" z_index="1" m_a="0.999495" m_b="-0.031788" m_c="0.031788" m_d="0.999495" m_tx="1.010341" m_ty="-11.340047"/>
  </frame>
  <frame idx="600" w="146" h="191" x="-13.705322" y="-66.400696">
   <element name="symbol0" layername="dumpling" frame="0" z_index="1" m_a="0.998653" m_b="-0.051884" m_c="0.051884" m_d="0.998653" m_tx="1.010341" m_ty="-11.340047"/>
  </frame>
  <frame idx="625" w="148" h="186" x="-14.490465" y="-65.848236">
   <element name="symbol0" layername="dumpling" frame="0" z_index="1" m_a="0.997408" m_b="-0.071958" m_c="0.071958" m_d="0.997408" m_tx="1.010341" m_ty="-11.340047"/>
  </frame>
  <frame idx="650" w="152" h="183" x="-15.774394" y="-65.779999">
   <element name="symbol0" layername="dumpling" frame="0" z_index="1" m_a="0.995759" m_b="-0.092003" m_c="0.092003" m_d="0.995759" m_tx="1.010341" m_ty="-11.340047"/>
  </frame>
  <frame idx="675" w="154" h="179" x="-16.556791" y="-65.195999">
   <element name="symbol0" layername="dumpling" frame="0" z_index="1" m_a="0.993707" m_b="-0.112012" m_c="0.112012" m_d="0.993707" m_tx="1.010341" m_ty="-11.340047"/>
  </frame>
  <frame idx="700" w="156" h="174" x="-17.337341" y="-64.596283">
   <element name="symbol0" layername="dumpling" frame="0" z_index="1" m_a="0.991253" m_b="-0.131974" m_c="0.131974" m_d="0.991253" m_tx="1.010341" m_ty="-11.340047"/>
  </frame>
  <frame idx="725" w="159" h="171" x="-18.615730" y="-64.480896">
   <element name="symbol0" layername="dumpling" frame="0" z_index="1" m_a="0.988398" m_b="-0.151884" m_c="0.151884" m_d="0.988398" m_tx="1.010341" m_ty="-11.340047"/>
  </frame>
  <frame idx="750" w="161" h="166" x="-19.391638" y="-63.849873">
   <element name="symbol0" layername="dumpling" frame="0" z_index="1" m_a="0.985144" m_b="-0.171732" m_c="0.171732" m_d="0.985144" m_tx="1.010341" m_ty="-11.340047"/>
  </frame>
  <frame idx="775" w="159" h="170" x="-18.808882" y="-64.449776">
   <element name="symbol0" layername="dumpling" frame="0" z_index="1" m_a="0.987626" m_b="-0.156825" m_c="0.156825" m_d="0.987626" m_tx="1.010341" m_ty="-11.340047"/>
  </frame>
  <frame idx="800" w="158" h="173" x="-18.167875" y="-64.549240">
   <element name="symbol0" layername="dumpling" frame="0" z_index="1" m_a="0.990091" m_b="-0.140429" m_c="0.140429" m_d="0.990091" m_tx="1.010341" m_ty="-11.340047"/>
  </frame>
  <frame idx="825" w="155" h="176" x="-17.025307" y="-65.138062">
   <element name="symbol0" layername="dumpling" frame="0" z_index="1" m_a="0.992283" m_b="-0.123994" m_c="0.123994" m_d="0.992283" m_tx="1.010341" m_ty="-11.340047"/>
  </frame>
  <frame idx="850" w="153" h="179" x="-16.381353" y="-65.216217">
   <element name="symbol0" layername="dumpling" frame="0" z_index="1" m_a="0.994202" m_b="-0.107525" m_c="0.107525" m_d="0.994202" m_tx="1.010341" m_ty="-11.340047"/>
  </frame>
  <frame idx="875" w="150" h="183" x="-15.236193" y="-65.783691">
   <element name="symbol0" layername="dumpling" frame="0" z_index="1" m_a="0.995848" m_b="-0.091027" m_c="0.091027" m_d="0.995848" m_tx="1.010341" m_ty="-11.340047"/>
  </frame>
  <frame idx="900" w="149" h="186" x="-14.590003" y="-65.840454">
   <element name="symbol0" layername="dumpling" frame="0" z_index="1" m_a="0.997221" m_b="-0.074503" m_c="0.074503" m_d="0.997221" m_tx="1.010341" m_ty="-11.340047"/>
  </frame>
  <frame idx="925" w="147" h="190" x="-13.942960" y="-66.386497">
   <element name="symbol0" layername="dumpling" frame="0" z_index="1" m_a="0.998319" m_b="-0.057959" m_c="0.057959" m_d="0.998319" m_tx="1.010341" m_ty="-11.340047"/>
  </frame>
  <frame idx="950" w="144" h="192" x="-12.795243" y="-66.421799">
   <element name="symbol0" layername="dumpling" frame="0" z_index="1" m_a="0.999143" m_b="-0.041399" m_c="0.041399" m_d="0.999143" m_tx="1.010341" m_ty="-11.340047"/>
  </frame>
  <frame idx="975" w="142" h="196" x="-12.147030" y="-66.946365">
   <element name="symbol0" layername="dumpling" frame="0" z_index="1" m_a="0.999692" m_b="-0.024828" m_c="0.024828" m_d="0.999692" m_tx="1.010341" m_ty="-11.340047"/>
  </frame>
 </anim>
</Anims>
