<Anims>
 <anim name="idle" root="roukanken" numframes="1000" framerate="40">
  <frame idx="0" w="439" h="293" x="-99.500000" y="-144.073761">
   <element name="symbol0" layername="roukanken" frame="0" z_index="11" m_a="0.661277" m_b="-0.750142" m_c="0.750142" m_d="0.661277" m_tx="-3.304292" m_ty="3.849258"/>
   <element name="symbol0" layername="ghost" frame="1" z_index="11" m_a="1.000000" m_b="0.000000" m_c="0.000000" m_d="1.000000" m_tx="-68.652832" m_ty="-76.215134"/>
   <element name="symbol0" layername="ghost" frame="1" z_index="11" m_a="0.629226" m_b="0.000000" m_c="0.000000" m_d="0.629226" m_tx="83.813866" m_ty="-132.787506"/>
   <element name="symbol0" layername="ghost" frame="1" z_index="10" m_a="1.000000" m_b="0.000000" m_c="0.000000" m_d="1.000000" m_tx="-84.000000" m_ty="-131.000000"/>
  </frame>
  <frame idx="25" w="439" h="293" x="-99.500000" y="-144.073761">
   <element name="symbol0" layername="roukanken" frame="0" z_index="11" m_a="0.661277" m_b="-0.750142" m_c="0.750142" m_d="0.661277" m_tx="-3.304292" m_ty="3.849258"/>
   <element name="symbol0" layername="ghost" frame="1" z_index="11" m_a="1.000000" m_b="0.000000" m_c="0.000000" m_d="1.000000" m_tx="-68.652832" m_ty="-76.215134"/>
   <element name="symbol0" layername="ghost" frame="1" z_index="11" m_a="0.629226" m_b="0.000000" m_c="0.000000" m_d="0.629226" m_tx="83.813866" m_ty="-132.787506"/>
   <element name="symbol0" layername="ghost" frame="1" z_index="10" m_a="1.000000" m_b="0.000000" m_c="0.000000" m_d="1.000000" m_tx="-84.000000" m_ty="-132.500000"/>
  </frame>
  <frame idx="50" w="439" h="293" x="-99.500000" y="-144.073761">
   <element name="symbol0" layername="roukanken" frame="0" z_index="11" m_a="0.661277" m_b="-0.750142" m_c="0.750142" m_d="0.661277" m_tx="-3.304292" m_ty="3.849258"/>
   <element name="symbol0" layername="ghost" frame="1" z_index="11" m_a="1.000000" m_b="0.000000" m_c="0.000000" m_d="1.000000" m_tx="-68.652832" m_ty="-76.215134"/>
   <element name="symbol0" layername="ghost" frame="1" z_index="11" m_a="0.629226" m_b="0.000000" m_c="0.000000" m_d="0.629226" m_tx="83.813866" m_ty="-132.787506"/>
   <element name="symbol0" layername="ghost" frame="1" z_index="10" m_a="1.000000" m_b="0.000000" m_c="0.000000" m_d="1.000000" m_tx="-84.000000" m_ty="-134.000000"/>
   <element name="symbol0" layername="ghost" frame="1" z_index="9" m_a="0.726863" m_b="0.000000" m_c="0.000000" m_d="0.726863" m_tx="25.000000" m_ty="-54.000000"/>
  </frame>
  <frame idx="75" w="440" h="293" x="-100.985146" y="-144.073761">
   <element name="symbol0" layername="roukanken" frame="0" z_index="11" m_a="0.661277" m_b="-0.750142" m_c="0.750142" m_d="0.661277" m_tx="-3.304292" m_ty="3.849258"/>
   <element name="symbol0" layername="ghost" frame="1" z_index="11" m_a="1.000000" m_b="0.000000" m_c="0.000000" m_d="1.000000" m_tx="-68.652832" m_ty="-76.215134"/>
   <element name="symbol0" layername="ghost" frame="1" z_index="11" m_a="0.629226" m_b="0.000000" m_c="0.000000" m_d="0.629226" m_tx="83.813866" m_ty="-132.787506"/>
   <element name="symbol0" layername="ghost" frame="1" z_index="10" m_a="1.000000" m_b="0.000000" m_c="0.000000" m_d="1.000000" m_tx="-85.485146" m_ty="-130.950760"/>
   <element name="symbol0" layername="ghost" frame="1" z_index="9" m_a="0.689154" m_b="-0.231077" m_c="0.231077" m_d="0.689154" m_tx="25.000000" m_ty="-54.000000"/>
  </frame>
  <frame idx="100" w="442" h="383" x="-102.470299" y="-227.117523">
   <element name="symbol0" layername="roukanken" frame="0" z_index="11" m_a="0.661277" m_b="-0.750142" m_c="0.750142" m_d="0.661277" m_tx="-3.304292" m_ty="3.849258"/>
   <element name="symbol0" layername="ghost" frame="1" z_index="11" m_a="1.000000" m_b="0.000000" m_c="0.000000" m_d="1.000000" m_tx="-68.652832" m_ty="-76.215134"/>
   <element name="symbol0" layername="ghost" frame="1" z_index="11" m_a="0.629226" m_b="0.000000" m_c="0.000000" m_d="0.629226" m_tx="83.813866" m_ty="-132.787506"/>
   <element name="symbol0" layername="ghost" frame="1" z_index="10" m_a="1.000000" m_b="0.000000" m_c="0.000000" m_d="1.000000" m_tx="-86.970299" m_ty="-127.901512"/>
   <element name="symbol0" layername="ghost" frame="1" z_index="9" m_a="0.579940" m_b="-0.438177" m_c="0.438177" m_d="0.579940" m_tx="25.000000" m_ty="-54.000000"/>
   <element name="symbol0" layername="ghost" frame="1" z_index="8" m_a="0.470594" m_b="0.000000" m_c="0.000000" m_d="0.470594" m_tx="-17.000000" m_ty="-205.000000"/>
  </frame>
  <frame idx="125" w="443" h="387" x="-103.955444" y="-230.558701">
   <element name="symbol0" layername="roukanken" frame="0" z_index="11" m_a="0.661277" m_b="-0.750142" m_c="0.750142" m_d="0.661277" m_tx="-3.304292" m_ty="3.849258"/>
   <element name="symbol0" layername="ghost" frame="1" z_index="11" m_a="1.000000" m_b="0.000000" m_c="0.000000" m_d="1.000000" m_tx="-68.652832" m_ty="-76.215134"/>
   <element name="symbol0" layername="ghost" frame="1" z_index="11" m_a="0.629226" m_b="0.000000" m_c="0.000000" m_d="0.629226" m_tx="83.813866" m_ty="-132.787506"/>
   <element name="symbol0" layername="ghost" frame="1" z_index="10" m_a="1.000000" m_b="0.000000" m_c="0.000000" m_d="1.000000" m_tx="-88.455444" m_ty="-124.852264"/>
   <element name="symbol0" layername="ghost" frame="1" z_index="9" m_a="0.587317" m_b="-0.428239" m_c="0.428239" m_d="0.587317" m_tx="33.333332" m_ty="-48.607841"/>
   <element name="symbol0" layername="ghost" frame="1" z_index="8" m_a="0.470594" m_b="0.000000" m_c="0.000000" m_d="0.470594" m_tx="-25.333334" m_ty="-207.941177"/>
  </frame>
  <frame idx="150" w="446" h="391" x="-105.940598" y="-233.999878">
   <element name="symbol0" layername="roukanken" frame="0" z_index="11" m_a="0.661277" m_b="-0.750142" m_c="0.750142" m_d="0.661277" m_tx="-3.304292" m_ty="3.849258"/>
   <element name="symbol0" layername="ghost" frame="1" z_index="11" m_a="1.000000" m_b="0.000000" m_c="0.000000" m_d="1.000000" m_tx="-68.652832" m_ty="-76.215134"/>
   <element name="symbol0" layername="ghost" frame="1" z_index="11" m_a="0.629226" m_b="0.000000" m_c="0.000000" m_d="0.629226" m_tx="83.813866" m_ty="-132.787506"/>
   <element name="symbol0" layername="ghost" frame="1" z_index="10" m_a="1.000000" m_b="0.000000" m_c="0.000000" m_d="1.000000" m_tx="-89.940598" m_ty="-121.803024"/>
   <element name="symbol0" layername="ghost" frame="1" z_index="9" m_a="0.594523" m_b="-0.418177" m_c="0.418177" m_d="0.594523" m_tx="41.666668" m_ty="-43.215687"/>
   <element name="symbol0" layername="ghost" frame="1" z_index="8" m_a="0.470594" m_b="0.000000" m_c="0.000000" m_d="0.470594" m_tx="-33.666668" m_ty="-210.882355"/>
  </frame>
  <frame idx="175" w="446" h="393" x="-106.000000" y="-228.357529">
   <element name="symbol0" layername="roukanken" frame="0" z_index="11" m_a="0.661277" m_b="-0.750142" m_c="0.750142" m_d="0.661277" m_tx="-3.304292" m_ty="3.849258"/>
   <element name="symbol0" layername="ghost" frame="1" z_index="11" m_a="1.000000" m_b="0.000000" m_c="0.000000" m_d="1.000000" m_tx="-68.652832" m_ty="-76.215134"/>
   <element name="symbol0" layername="ghost" frame="1" z_index="11" m_a="0.629226" m_b="0.000000" m_c="0.000000" m_d="0.629226" m_tx="83.813866" m_ty="-132.787506"/>
   <element name="symbol0" layername="ghost" frame="1" z_index="10" m_a="1.000000" m_b="0.000000" m_c="0.000000" m_d="1.000000" m_tx="-90.000000" m_ty="-121.681053"/>
   <element name="symbol0" layername="ghost" frame="1" z_index="9" m_a="0.601557" m_b="-0.407994" m_c="0.407994" m_d="0.601557" m_tx="47.306164" m_ty="-47.613659"/>
   <element name="symbol0" layername="ghost" frame="1" z_index="8" m_a="0.470594" m_b="0.000000" m_c="0.000000" m_d="0.470594" m_tx="-35.919998" m_ty="-205.240005"/>
   <element name="symbol0" layername="ghost" frame="1" z_index="7" m_a="1.196490" m_b="0.000000" m_c="0.000000" m_d="1.196490" m_tx="54.680000" m_ty="-168.039993"/>
  </frame>
  <frame idx="200" w="446" h="395" x="-106.000000" y="-222.357529">
   <element name="symbol0" layername="roukanken" frame="0" z_index="11" m_a="0.661277" m_b="-0.750142" m_c="0.750142" m_d="0.661277" m_tx="-3.304292" m_ty="3.849258"/>
   <element name="symbol0" layername="ghost" frame="1" z_index="11" m_a="1.000000" m_b="0.000000" m_c="0.000000" m_d="1.000000" m_tx="-68.652832" m_ty="-76.215134"/>
   <element name="symbol0" layername="ghost" frame="1" z_index="11" m_a="0.629226" m_b="0.000000" m_c="0.000000" m_d="0.629226" m_tx="83.813866" m_ty="-132.787506"/>
   <element name="symbol0" layername="ghost" frame="1" z_index="10" m_a="1.000000" m_b="0.000000" m_c="0.000000" m_d="1.000000" m_tx="-90.000000" m_ty="-121.681053"/>
   <element name="symbol0" layername="ghost" frame="1" z_index="9" m_a="0.608417" m_b="-0.397692" m_c="0.397692" m_d="0.608417" m_tx="52.833416" m_ty="-52.419556"/>
   <element name="symbol0" layername="ghost" frame="1" z_index="8" m_a="0.470594" m_b="0.000000" m_c="0.000000" m_d="0.470594" m_tx="-37.919998" m_ty="-199.240005"/>
   <element name="symbol0" layername="ghost" frame="1" z_index="7" m_a="1.196490" m_b="0.000000" m_c="0.000000" m_d="1.196490" m_tx="62.680000" m_ty="-167.039993"/>
  </frame>
  <frame idx="225" w="464" h="389" x="-122.496429" y="-230.104233">
   <element name="symbol0" layername="roukanken" frame="0" z_index="11" m_a="0.661277" m_b="-0.750142" m_c="0.750142" m_d="0.661277" m_tx="-3.304292" m_ty="3.849258"/>
   <element name="symbol0" layername="ghost" frame="1" z_index="11" m_a="1.000000" m_b="0.000000" m_c="0.000000" m_d="1.000000" m_tx="-68.652832" m_ty="-76.215134"/>
   <element name="symbol0" layername="ghost" frame="1" z_index="11" m_a="0.629226" m_b="0.000000" m_c="0.000000" m_d="0.629226" m_tx="83.813866" m_ty="-132.787506"/>
   <element name="symbol0" layername="ghost" frame="1" z_index="11" m_a="1.000000" m_b="0.000000" m_c="0.000000" m_d="1.000000" m_tx="-104.996429" m_ty="-116.673531"/>
   <element name="symbol0" layername="ghost" frame="1" z_index="10" m_a="0.615100" m_b="-0.387275" m_c="0.387275" m_d="0.615100" m_tx="50.792057" m_ty="-60.487766"/>
   <element name="symbol0" layername="ghost" frame="1" z_index="9" m_a="0.470594" m_b="0.000000" m_c="0.000000" m_d="0.470594" m_tx="-34.500603" m_ty="-207.486710"/>
   <element name="symbol0" layername="ghost" frame="1" z_index="8" m_a="1.196490" m_b="0.000000" m_c="0.000000" m_d="1.196490" m_tx="50.350891" m_ty="-171.458694"/>
   <element name="symbol0" layername="ghost" frame="1" z_index="7" m_a="1.000000" m_b="0.000000" m_c="0.000000" m_d="1.000000" m_tx="-29.122448" m_ty="-52.489796"/>
  </frame>
  <frame idx="250" w="463" h="398" x="-121.819130" y="-239.944550">
   <element name="symbol0" layername="roukanken" frame="0" z_index="11" m_a="0.661277" m_b="-0.750142" m_c="0.750142" m_d="0.661277" m_tx="-3.304292" m_ty="3.849258"/>
   <element name="symbol0" layername="ghost" frame="1" z_index="11" m_a="1.000000" m_b="0.000000" m_c="0.000000" m_d="1.000000" m_tx="-68.652832" m_ty="-76.215134"/>
   <element name="symbol0" layername="ghost" frame="1" z_index="11" m_a="0.629226" m_b="0.000000" m_c="0.000000" m_d="0.629226" m_tx="83.813866" m_ty="-132.787506"/>
   <element name="symbol0" layername="ghost" frame="1" z_index="11" m_a="1.000000" m_b="0.000000" m_c="0.000000" m_d="1.000000" m_tx="-104.319130" m_ty="-117.135674"/>
   <element name="symbol0" layername="ghost" frame="1" z_index="10" m_a="0.621605" m_b="-0.376746" m_c="0.376746" m_d="0.621605" m_tx="48.435341" m_ty="-68.691910"/>
   <element name="symbol0" layername="ghost" frame="1" z_index="9" m_a="0.470594" m_b="0.000000" m_c="0.000000" m_d="0.470594" m_tx="-30.855394" m_ty="-216.327026"/>
   <element name="symbol0" layername="ghost" frame="1" z_index="8" m_a="1.196490" m_b="0.000000" m_c="0.000000" m_d="1.196490" m_tx="37.174736" m_ty="-176.103165"/>
   <element name="symbol0" layername="ghost" frame="1" z_index="7" m_a="1.000000" m_b="0.000000" m_c="0.000000" m_d="1.000000" m_tx="-23.000000" m_ty="-53.000000"/>
   <element name="symbol0" layername="ghost" frame="1" z_index="6" m_a="0.767794" m_b="0.000000" m_c="0.000000" m_d="0.767794" m_tx="-62.000000" m_ty="-144.000000"/>
  </frame>
  <frame idx="275" w="461" h="388" x="-120.641823" y="-231.111404">
   <element name="symbol0" layername="roukanken" frame="0" z_index="11" m_a="0.661277" m_b="-0.750142" m_c="0.750142" m_d="0.661277" m_tx="-3.304292" m_ty="3.849258"/>
   <element name="symbol0" layername="ghost" frame="1" z_index="11" m_a="1.000000" m_b="0.000000" m_c="0.000000" m_d="1.000000" m_tx="-68.652832" m_ty="-76.215134"/>
   <element name="symbol0" layername="ghost" frame="1" z_index="11" m_a="0.629226" m_b="0.000000" m_c="0.000000" m_d="0.629226" m_tx="83.813866" m_ty="-132.787506"/>
   <element name="symbol0" layername="ghost" frame="1" z_index="11" m_a="1.000000" m_b="0.000000" m_c="0.000000" m_d="1.000000" m_tx="-103.641823" m_ty="-117.597816"/>
   <element name="symbol0" layername="ghost" frame="1" z_index="10" m_a="0.627930" m_b="-0.366107" m_c="0.366107" m_d="0.627930" m_tx="51.702988" m_ty="-63.232788"/>
   <element name="symbol0" layername="ghost" frame="1" z_index="9" m_a="0.470594" m_b="0.000000" m_c="0.000000" m_d="0.470594" m_tx="-27.947884" m_ty="-208.493881"/>
   <element name="symbol0" layername="ghost" frame="1" z_index="8" m_a="1.196490" m_b="0.000000" m_c="0.000000" m_d="1.196490" m_tx="38.674736" m_ty="-171.603165"/>
   <element name="symbol0" layername="ghost" frame="1" z_index="7" m_a="1.000000" m_b="0.000000" m_c="0.000000" m_d="1.000000" m_tx="-29.815458" m_ty="-60.973713"/>
   <element name="symbol0" layername="ghost" frame="1" z_index="6" m_a="0.767794" m_b="0.000000" m_c="0.000000" m_d="0.767794" m_tx="-68.500000" m_ty="-143.500000"/>
  </frame>
  <frame idx="300" w="461" h="409" x="-119.964523" y="-250.321945">
   <element name="symbol0" layername="roukanken" frame="0" z_index="11" m_a="0.661277" m_b="-0.750142" m_c="0.750142" m_d="0.661277" m_tx="-3.304292" m_ty="3.849258"/>
   <element name="symbol0" layername="ghost" frame="1" z_index="11" m_a="1.000000" m_b="0.000000" m_c="0.000000" m_d="1.000000" m_tx="-68.652832" m_ty="-76.215134"/>
   <element name="symbol0" layername="ghost" frame="1" z_index="11" m_a="0.629226" m_b="0.000000" m_c="0.000000" m_d="0.629226" m_tx="83.813866" m_ty="-132.787506"/>
   <element name="symbol0" layername="ghost" frame="1" z_index="11" m_a="1.000000" m_b="0.000000" m_c="0.000000" m_d="1.000000" m_tx="-102.964523" m_ty="-118.059967"/>
   <element name="symbol0" layername="ghost" frame="1" z_index="10" m_a="0.634072" m_b="-0.355362" m_c="0.355362" m_d="0.634072" m_tx="54.970631" m_ty="-57.773666"/>
   <element name="symbol0" layername="ghost" frame="1" z_index="9" m_a="0.470594" m_b="0.000000" m_c="0.000000" m_d="0.470594" m_tx="-25.040373" m_ty="-200.660736"/>
   <element name="symbol0" layername="ghost" frame="1" z_index="8" m_a="1.196490" m_b="0.000000" m_c="0.000000" m_d="1.196490" m_tx="40.174736" m_ty="-167.103165"/>
   <element name="symbol0" layername="ghost" frame="1" z_index="7" m_a="1.000000" m_b="0.000000" m_c="0.000000" m_d="1.000000" m_tx="-36.630917" m_ty="-68.947426"/>
   <element name="symbol0" layername="ghost" frame="1" z_index="6" m_a="0.767794" m_b="0.000000" m_c="0.000000" m_d="0.767794" m_tx="-75.000000" m_ty="-143.000000"/>
   <element name="symbol0" layername="ghost" frame="1" z_index="5" m_a="0.484669" m_b="0.000000" m_c="0.000000" m_d="0.484669" m_tx="41.000000" m_ty="-226.000000"/>
  </frame>
  <frame idx="325" w="460" h="391" x="-119.287216" y="-233.321945">
   <element name="symbol0" layername="roukanken" frame="0" z_index="11" m_a="0.661277" m_b="-0.750142" m_c="0.750142" m_d="0.661277" m_tx="-3.304292" m_ty="3.849258"/>
   <element name="symbol0" layername="ghost" frame="1" z_index="11" m_a="1.000000" m_b="0.000000" m_c="0.000000" m_d="1.000000" m_tx="-68.652832" m_ty="-76.215134"/>
   <element name="symbol0" layername="ghost" frame="1" z_index="11" m_a="0.629226" m_b="0.000000" m_c="0.000000" m_d="0.629226" m_tx="83.813866" m_ty="-132.787506"/>
   <element name="symbol0" layername="ghost" frame="1" z_index="11" m_a="1.000000" m_b="0.000000" m_c="0.000000" m_d="1.000000" m_tx="-102.287216" m_ty="-118.522110"/>
   <element name="symbol0" layername="ghost" frame="1" z_index="10" m_a="0.640031" m_b="-0.344515" m_c="0.344515" m_d="0.640031" m_tx="45.971611" m_ty="-63.647877"/>
   <element name="symbol0" layername="ghost" frame="1" z_index="9" m_a="0.470594" m_b="0.000000" m_c="0.000000" m_d="0.470594" m_tx="-25.040373" m_ty="-200.660736"/>
   <element name="symbol0" layername="ghost" frame="1" z_index="8" m_a="1.196490" m_b="0.000000" m_c="0.000000" m_d="1.196490" m_tx="34.674736" m_ty="-158.103165"/>
   <element name="symbol0" layername="ghost" frame="1" z_index="7" m_a="1.000000" m_b="0.000000" m_c="0.000000" m_d="1.000000" m_tx="-32.585663" m_ty="-62.477188"/>
   <element name="symbol0" layername="ghost" frame="1" z_index="6" m_a="0.767794" m_b="0.000000" m_c="0.000000" m_d="0.767794" m_tx="-77.157898" m_ty="-133.526321"/>
   <element name="symbol0" layername="ghost" frame="1" z_index="5" m_a="0.484669" m_b="0.000000" m_c="0.000000" m_d="0.484669" m_tx="18.500000" m_ty="-210.500000"/>
  </frame>
  <frame idx="350" w="459" h="378" x="-118.609909" y="-222.278259">
   <element name="symbol0" layername="roukanken" frame="0" z_index="11" m_a="0.661277" m_b="-0.750142" m_c="0.750142" m_d="0.661277" m_tx="-3.304292" m_ty="3.849258"/>
   <element name="symbol0" layername="ghost" frame="1" z_index="11" m_a="1.000000" m_b="0.000000" m_c="0.000000" m_d="1.000000" m_tx="-68.652832" m_ty="-76.215134"/>
   <element name="symbol0" layername="ghost" frame="1" z_index="11" m_a="0.629226" m_b="0.000000" m_c="0.000000" m_d="0.629226" m_tx="83.813866" m_ty="-132.787506"/>
   <element name="symbol0" layername="ghost" frame="1" z_index="11" m_a="1.000000" m_b="0.000000" m_c="0.000000" m_d="1.000000" m_tx="-101.609909" m_ty="-118.984253"/>
   <element name="symbol0" layername="ghost" frame="1" z_index="10" m_a="0.645804" m_b="-0.333567" m_c="0.333567" m_d="0.645804" m_tx="36.972591" m_ty="-69.522087"/>
   <element name="symbol0" layername="ghost" frame="1" z_index="11" m_a="0.470594" m_b="0.000000" m_c="0.000000" m_d="0.470594" m_tx="-25.040373" m_ty="-200.660736"/>
   <element name="symbol0" layername="ghost" frame="1" z_index="9" m_a="1.196490" m_b="0.000000" m_c="0.000000" m_d="1.196490" m_tx="29.174738" m_ty="-149.103165"/>
   <element name="symbol0" layername="ghost" frame="1" z_index="8" m_a="1.000000" m_b="0.000000" m_c="0.000000" m_d="1.000000" m_tx="-28.540409" m_ty="-56.006947"/>
   <element name="symbol0" layername="ghost" frame="1" z_index="7" m_a="0.767794" m_b="0.000000" m_c="0.000000" m_d="0.767794" m_tx="-79.315788" m_ty="-124.052635"/>
   <element name="symbol0" layername="ghost" frame="1" z_index="6" m_a="0.484669" m_b="0.000000" m_c="0.000000" m_d="0.484669" m_tx="-4.000000" m_ty="-195.000000"/>
  </frame>
  <frame idx="375" w="459" h="378" x="-117.932610" y="-222.705917">
   <element name="symbol0" layername="roukanken" frame="0" z_index="11" m_a="0.661277" m_b="-0.750142" m_c="0.750142" m_d="0.661277" m_tx="-3.304292" m_ty="3.849258"/>
   <element name="symbol0" layername="ghost" frame="1" z_index="11" m_a="1.000000" m_b="0.000000" m_c="0.000000" m_d="1.000000" m_tx="-68.652832" m_ty="-76.215134"/>
   <element name="symbol0" layername="ghost" frame="1" z_index="11" m_a="0.629226" m_b="0.000000" m_c="0.000000" m_d="0.629226" m_tx="83.813866" m_ty="-132.787506"/>
   <element name="symbol0" layername="ghost" frame="1" z_index="11" m_a="1.000000" m_b="0.000000" m_c="0.000000" m_d="1.000000" m_tx="-100.932610" m_ty="-119.446396"/>
   <element name="symbol0" layername="ghost" frame="1" z_index="10" m_a="0.651390" m_b="-0.322523" m_c="0.322523" m_d="0.651390" m_tx="43.044998" m_ty="-61.467728"/>
   <element name="symbol0" layername="ghost" frame="1" z_index="11" m_a="0.470594" m_b="0.000000" m_c="0.000000" m_d="0.470594" m_tx="-36.747932" m_ty="-201.088394"/>
   <element name="symbol0" layername="ghost" frame="1" z_index="9" m_a="1.196490" m_b="0.000000" m_c="0.000000" m_d="1.196490" m_tx="27.731081" m_ty="-148.224152"/>
   <element name="symbol0" layername="ghost" frame="1" z_index="8" m_a="1.000000" m_b="0.000000" m_c="0.000000" m_d="1.000000" m_tx="-28.730173" m_ty="-61.389236"/>
   <element name="symbol0" layername="ghost" frame="1" z_index="7" m_a="0.767794" m_b="0.000000" m_c="0.000000" m_d="0.767794" m_tx="-84.334793" m_ty="-118.106728"/>
   <element name="symbol0" layername="ghost" frame="1" z_index="6" m_a="0.484669" m_b="0.000000" m_c="0.000000" m_d="0.484669" m_tx="-13.842106" m_ty="-191.815796"/>
  </frame>
  <frame idx="400" w="458" h="380" x="-117.255302" y="-223.362381">
   <element name="symbol0" layername="roukanken" frame="0" z_index="11" m_a="0.661277" m_b="-0.750142" m_c="0.750142" m_d="0.661277" m_tx="-3.304292" m_ty="3.849258"/>
   <element name="symbol0" layername="ghost" frame="1" z_index="11" m_a="1.000000" m_b="0.000000" m_c="0.000000" m_d="1.000000" m_tx="-68.652832" m_ty="-76.215134"/>
   <element name="symbol0" layername="ghost" frame="1" z_index="11" m_a="0.629226" m_b="0.000000" m_c="0.000000" m_d="0.629226" m_tx="83.813866" m_ty="-132.787506"/>
   <element name="symbol0" layername="ghost" frame="1" z_index="11" m_a="1.000000" m_b="0.000000" m_c="0.000000" m_d="1.000000" m_tx="-100.255302" m_ty="-119.908539"/>
   <element name="symbol0" layername="ghost" frame="1" z_index="10" m_a="0.656787" m_b="-0.311385" m_c="0.311385" m_d="0.656787" m_tx="49.117405" m_ty="-53.413368"/>
   <element name="symbol0" layername="ghost" frame="1" z_index="11" m_a="0.470594" m_b="0.000000" m_c="0.000000" m_d="0.470594" m_tx="-35.958015" m_ty="-201.244858"/>
   <element name="symbol0" layername="ghost" frame="1" z_index="9" m_a="1.196490" m_b="0.000000" m_c="0.000000" m_d="1.196490" m_tx="26.287424" m_ty="-147.345154"/>
   <element name="symbol0" layername="ghost" frame="1" z_index="8" m_a="1.000000" m_b="0.000000" m_c="0.000000" m_d="1.000000" m_tx="-28.919937" m_ty="-66.771523"/>
   <element name="symbol0" layername="ghost" frame="1" z_index="7" m_a="0.767794" m_b="0.000000" m_c="0.000000" m_d="0.767794" m_tx="-89.353798" m_ty="-112.160820"/>
   <element name="symbol0" layername="ghost" frame="1" z_index="6" m_a="0.484669" m_b="0.000000" m_c="0.000000" m_d="0.484669" m_tx="-23.684212" m_ty="-188.631577"/>
  </frame>
  <frame idx="425" w="457" h="380" x="-116.577995" y="-223.518845">
   <element name="symbol0" layername="roukanken" frame="0" z_index="11" m_a="0.661277" m_b="-0.750142" m_c="0.750142" m_d="0.661277" m_tx="-3.304292" m_ty="3.849258"/>
   <element name="symbol0" layername="ghost" frame="1" z_index="11" m_a="1.000000" m_b="0.000000" m_c="0.000000" m_d="1.000000" m_tx="-68.652832" m_ty="-76.215134"/>
   <element name="symbol0" layername="ghost" frame="1" z_index="11" m_a="0.629226" m_b="0.000000" m_c="0.000000" m_d="0.629226" m_tx="83.813866" m_ty="-132.787506"/>
   <element name="symbol0" layername="ghost" frame="1" z_index="11" m_a="1.000000" m_b="0.000000" m_c="0.000000" m_d="1.000000" m_tx="-99.577995" m_ty="-120.370682"/>
   <element name="symbol0" layername="ghost" frame="1" z_index="10" m_a="0.661994" m_b="-0.300157" m_c="0.300157" m_d="0.661994" m_tx="51.689812" m_ty="-60.435932"/>
   <element name="symbol0" layername="ghost" frame="1" z_index="11" m_a="0.470594" m_b="0.000000" m_c="0.000000" m_d="0.470594" m_tx="-35.168098" m_ty="-201.401321"/>
   <element name="symbol0" layername="ghost" frame="1" z_index="9" m_a="1.196490" m_b="0.000000" m_c="0.000000" m_d="1.196490" m_tx="16.976925" m_ty="-143.066025"/>
   <element name="symbol0" layername="ghost" frame="1" z_index="8" m_a="1.000000" m_b="0.000000" m_c="0.000000" m_d="1.000000" m_tx="-35.609703" m_ty="-64.310486"/>
   <element name="symbol0" layername="ghost" frame="1" z_index="7" m_a="0.767794" m_b="0.000000" m_c="0.000000" m_d="0.767794" m_tx="-84.049271" m_ty="-123.097260"/>
   <element name="symbol0" layername="ghost" frame="1" z_index="6" m_a="0.484669" m_b="0.000000" m_c="0.000000" m_d="0.484669" m_tx="-19.184212" m_ty="-196.131577"/>
  </frame>
  <frame idx="450" w="455" h="382" x="-115.400696" y="-225.453522">
   <element name="symbol0" layername="roukanken" frame="0" z_index="11" m_a="0.661277" m_b="-0.750142" m_c="0.750142" m_d="0.661277" m_tx="-3.304292" m_ty="3.849258"/>
   <element name="symbol0" layername="ghost" frame="1" z_index="11" m_a="1.000000" m_b="0.000000" m_c="0.000000" m_d="1.000000" m_tx="-68.652832" m_ty="-76.215134"/>
   <element name="symbol0" layername="ghost" frame="1" z_index="11" m_a="0.629226" m_b="0.000000" m_c="0.000000" m_d="0.629226" m_tx="83.813866" m_ty="-132.787506"/>
   <element name="symbol0" layername="ghost" frame="1" z_index="11" m_a="1.000000" m_b="0.000000" m_c="0.000000" m_d="1.000000" m_tx="-98.900696" m_ty="-120.832832"/>
   <element name="symbol0" layername="ghost" frame="1" z_index="10" m_a="0.667008" m_b="-0.288842" m_c="0.288842" m_d="0.667008" m_tx="54.262218" m_ty="-67.458496"/>
   <element name="symbol0" layername="ghost" frame="1" z_index="11" m_a="0.470594" m_b="0.000000" m_c="0.000000" m_d="0.470594" m_tx="-34.378181" m_ty="-201.557785"/>
   <element name="symbol0" layername="ghost" frame="1" z_index="9" m_a="1.196490" m_b="0.000000" m_c="0.000000" m_d="1.196490" m_tx="7.666425" m_ty="-138.786896"/>
   <element name="symbol0" layername="ghost" frame="1" z_index="8" m_a="1.000000" m_b="0.000000" m_c="0.000000" m_d="1.000000" m_tx="-42.299469" m_ty="-61.849453"/>
   <element name="symbol0" layername="ghost" frame="1" z_index="7" m_a="0.767794" m_b="0.000000" m_c="0.000000" m_d="0.767794" m_tx="-78.744751" m_ty="-134.033707"/>
   <element name="symbol0" layername="ghost" frame="1" z_index="6" m_a="0.484669" m_b="0.000000" m_c="0.000000" m_d="0.484669" m_tx="-14.684211" m_ty="-203.631577"/>
  </frame>
  <frame idx="475" w="455" h="380" x="-114.723389" y="-223.831772">
   <element name="symbol0" layername="roukanken" frame="0" z_index="11" m_a="0.661277" m_b="-0.750142" m_c="0.750142" m_d="0.661277" m_tx="-3.304292" m_ty="3.849258"/>
   <element name="symbol0" layername="ghost" frame="1" z_index="11" m_a="1.000000" m_b="0.000000" m_c="0.000000" m_d="1.000000" m_tx="-68.652832" m_ty="-76.215134"/>
   <element name="symbol0" layername="ghost" frame="1" z_index="11" m_a="0.629226" m_b="0.000000" m_c="0.000000" m_d="0.629226" m_tx="83.813866" m_ty="-132.787506"/>
   <element name="symbol0" layername="ghost" frame="1" z_index="11" m_a="1.000000" m_b="0.000000" m_c="0.000000" m_d="1.000000" m_tx="-98.223389" m_ty="-121.294975"/>
   <element name="symbol0" layername="ghost" frame="1" z_index="10" m_a="0.671830" m_b="-0.277443" m_c="0.277443" m_d="0.671830" m_tx="59.542961" m_ty="-70.397720"/>
   <element name="symbol0" layername="ghost" frame="1" z_index="11" m_a="0.470594" m_b="0.000000" m_c="0.000000" m_d="0.470594" m_tx="-33.588264" m_ty="-201.714249"/>
   <element name="symbol0" layername="ghost" frame="1" z_index="9" m_a="1.196490" m_b="0.000000" m_c="0.000000" m_d="1.196490" m_tx="6.666425" m_ty="-141.786896"/>
   <element name="symbol0" layername="ghost" frame="1" z_index="8" m_a="1.000000" m_b="0.000000" m_c="0.000000" m_d="1.000000" m_tx="-48.056477" m_ty="-62.021576"/>
   <element name="symbol0" layername="ghost" frame="1" z_index="7" m_a="0.767794" m_b="0.000000" m_c="0.000000" m_d="0.767794" m_tx="-83.721481" m_ty="-134.345154"/>
   <element name="symbol0" layername="ghost" frame="1" z_index="6" m_a="0.484669" m_b="0.000000" m_c="0.000000" m_d="0.484669" m_tx="-19.546440" m_ty="-201.289474"/>
  </frame>
  <frame idx="500" w="454" h="380" x="-114.046082" y="-223.988235">
   <element name="symbol0" layername="roukanken" frame="0" z_index="11" m_a="0.661277" m_b="-0.750142" m_c="0.750142" m_d="0.661277" m_tx="-3.304292" m_ty="3.849258"/>
   <element name="symbol0" layername="ghost" frame="1" z_index="11" m_a="1.000000" m_b="0.000000" m_c="0.000000" m_d="1.000000" m_tx="-68.652832" m_ty="-76.215134"/>
   <element name="symbol0" layername="ghost" frame="1" z_index="11" m_a="0.629226" m_b="0.000000" m_c="0.000000" m_d="0.629226" m_tx="83.813866" m_ty="-132.787506"/>
   <element name="symbol0" layername="ghost" frame="1" z_index="11" m_a="1.000000" m_b="0.000000" m_c="0.000000" m_d="1.000000" m_tx="-97.546082" m_ty="-121.757118"/>
   <element name="symbol0" layername="ghost" frame="1" z_index="10" m_a="0.676456" m_b="-0.265964" m_c="0.265964" m_d="0.676456" m_tx="64.823700" m_ty="-73.336952"/>
   <element name="symbol0" layername="ghost" frame="1" z_index="11" m_a="0.470594" m_b="0.000000" m_c="0.000000" m_d="0.470594" m_tx="-32.798347" m_ty="-201.870712"/>
   <element name="symbol0" layername="ghost" frame="1" z_index="9" m_a="1.196490" m_b="0.000000" m_c="0.000000" m_d="1.196490" m_tx="5.666425" m_ty="-144.786896"/>
   <element name="symbol0" layername="ghost" frame="1" z_index="8" m_a="1.000000" m_b="0.000000" m_c="0.000000" m_d="1.000000" m_tx="-53.813484" m_ty="-62.193695"/>
   <element name="symbol0" layername="ghost" frame="1" z_index="7" m_a="0.767794" m_b="0.000000" m_c="0.000000" m_d="0.767794" m_tx="-88.698204" m_ty="-134.656601"/>
   <element name="symbol0" layername="ghost" frame="1" z_index="6" m_a="0.484669" m_b="0.000000" m_c="0.000000" m_d="0.484669" m_tx="-24.408669" m_ty="-198.947372"/>
  </frame>
  <frame idx="525" w="460" h="381" x="-119.497757" y="-225.114700">
   <element name="symbol0" layername="roukanken" frame="0" z_index="11" m_a="0.661277" m_b="-0.750142" m_c="0.750142" m_d="0.661277" m_tx="-3.304292" m_ty="3.849258"/>
   <element name="symbol0" layername="ghost" frame="1" z_index="11" m_a="1.000000" m_b="0.000000" m_c="0.000000" m_d="1.000000" m_tx="-68.652832" m_ty="-76.215134"/>
   <element name="symbol0" layername="ghost" frame="1" z_index="11" m_a="0.629226" m_b="0.000000" m_c="0.000000" m_d="0.629226" m_tx="83.813866" m_ty="-132.787506"/>
   <element name="symbol0" layername="ghost" frame="1" z_index="11" m_a="1.000000" m_b="0.000000" m_c="0.000000" m_d="1.000000" m_tx="-96.868782" m_ty="-122.219261"/>
   <element name="symbol0" layername="ghost" frame="1" z_index="10" m_a="0.680887" m_b="-0.254407" m_c="0.254407" m_d="0.680887" m_tx="67.013535" m_ty="-74.958000"/>
   <element name="symbol0" layername="ghost" frame="1" z_index="11" m_a="0.470594" m_b="0.000000" m_c="0.000000" m_d="0.470594" m_tx="-32.008427" m_ty="-202.027176"/>
   <element name="symbol0" layername="ghost" frame="1" z_index="9" m_a="1.036124" m_b="0.000000" m_c="0.000000" m_d="1.036124" m_tx="13.666426" m_ty="-152.286896"/>
   <element name="symbol0" layername="ghost" frame="1" z_index="8" m_a="1.000000" m_b="0.000000" m_c="0.000000" m_d="1.000000" m_tx="-64.142532" m_ty="-63.830154"/>
   <element name="symbol0" layername="ghost" frame="1" z_index="7" m_a="0.665605" m_b="0.000000" m_c="0.000000" m_d="0.665605" m_tx="-95.308266" m_ty="-139.968048"/>
   <element name="symbol0" layername="ghost" frame="1" z_index="6" m_a="0.484669" m_b="0.000000" m_c="0.000000" m_d="0.484669" m_tx="-25.364647" m_ty="-203.292755"/>
  </frame>
  <frame idx="550" w="471" h="387" x="-129.304886" y="-229.960098">
   <element name="symbol0" layername="roukanken" frame="0" z_index="11" m_a="0.661277" m_b="-0.750142" m_c="0.750142" m_d="0.661277" m_tx="-3.304292" m_ty="3.849258"/>
   <element name="symbol0" layername="ghost" frame="1" z_index="11" m_a="1.000000" m_b="0.000000" m_c="0.000000" m_d="1.000000" m_tx="-68.652832" m_ty="-76.215134"/>
   <element name="symbol0" layername="ghost" frame="1" z_index="11" m_a="0.629226" m_b="0.000000" m_c="0.000000" m_d="0.629226" m_tx="83.813866" m_ty="-132.787506"/>
   <element name="symbol0" layername="ghost" frame="1" z_index="11" m_a="1.000000" m_b="0.000000" m_c="0.000000" m_d="1.000000" m_tx="-96.191475" m_ty="-122.681404"/>
   <element name="symbol0" layername="ghost" frame="1" z_index="10" m_a="0.685120" m_b="-0.242777" m_c="0.242777" m_d="0.685120" m_tx="69.203362" m_ty="-76.579048"/>
   <element name="symbol0" layername="ghost" frame="1" z_index="11" m_a="0.470594" m_b="0.000000" m_c="0.000000" m_d="0.470594" m_tx="-31.218512" m_ty="-202.183640"/>
   <element name="symbol0" layername="ghost" frame="1" z_index="9" m_a="0.875758" m_b="0.000000" m_c="0.000000" m_d="0.875758" m_tx="21.666426" m_ty="-159.786896"/>
   <element name="symbol0" layername="ghost" frame="1" z_index="8" m_a="1.000000" m_b="0.000000" m_c="0.000000" m_d="1.000000" m_tx="-74.471581" m_ty="-65.466614"/>
   <element name="symbol0" layername="ghost" frame="1" z_index="7" m_a="0.563416" m_b="0.000000" m_c="0.000000" m_d="0.563416" m_tx="-101.918327" m_ty="-145.279495"/>
   <element name="symbol0" layername="ghost" frame="1" z_index="6" m_a="0.484669" m_b="0.000000" m_c="0.000000" m_d="0.484669" m_tx="-26.320627" m_ty="-207.638153"/>
   <element name="symbol0" layername="ghost" frame="1" z_index="5" m_a="1.000000" m_b="0.000000" m_c="0.000000" m_d="1.000000" m_tx="-4.000000" m_ty="-111.000000"/>
  </frame>
  <frame idx="575" w="471" h="405" x="-129.304886" y="-247.072159">
   <element name="symbol0" layername="roukanken" frame="0" z_index="11" m_a="0.661277" m_b="-0.750142" m_c="0.750142" m_d="0.661277" m_tx="-3.304292" m_ty="3.849258"/>
   <element name="symbol0" layername="ghost" frame="1" z_index="11" m_a="1.000000" m_b="0.000000" m_c="0.000000" m_d="1.000000" m_tx="-68.652832" m_ty="-76.215134"/>
   <element name="symbol0" layername="ghost" frame="1" z_index="11" m_a="0.629226" m_b="0.000000" m_c="0.000000" m_d="0.629226" m_tx="83.813866" m_ty="-132.787506"/>
   <element name="symbol0" layername="ghost" frame="1" z_index="11" m_a="1.000000" m_b="0.000000" m_c="0.000000" m_d="1.000000" m_tx="-95.514175" m_ty="-123.143547"/>
   <element name="symbol0" layername="ghost" frame="1" z_index="10" m_a="0.650574" m_b="-0.218140" m_c="0.218140" m_d="0.650574" m_tx="74.493195" m_ty="-83.450096"/>
   <element name="symbol0" layername="ghost" frame="1" z_index="11" m_a="0.470594" m_b="0.000000" m_c="0.000000" m_d="0.470594" m_tx="-30.428595" m_ty="-202.340103"/>
   <element name="symbol0" layername="ghost" frame="1" z_index="9" m_a="0.733098" m_b="0.000000" m_c="0.000000" m_d="0.733098" m_tx="33.166424" m_ty="-167.286896"/>
   <element name="symbol0" layername="ghost" frame="1" z_index="8" m_a="0.865404" m_b="0.000000" m_c="0.000000" m_d="0.865404" m_tx="-87.455780" m_ty="-68.949463"/>
   <element name="symbol0" layername="ghost" frame="1" z_index="7" m_a="0.563416" m_b="0.000000" m_c="0.000000" m_d="0.563416" m_tx="-101.918327" m_ty="-145.279495"/>
   <element name="symbol0" layername="ghost" frame="1" z_index="6" m_a="0.484669" m_b="0.000000" m_c="0.000000" m_d="0.484669" m_tx="-29.076607" m_ty="-223.250214"/>
   <element name="symbol0" layername="ghost" frame="1" z_index="5" m_a="0.980764" m_b="0.000000" m_c="0.000000" m_d="0.980764" m_tx="5.000000" m_ty="-118.500000"/>
  </frame>
  <frame idx="600" w="471" h="424" x="-129.304886" y="-264.184204">
   <element name="symbol0" layername="roukanken" frame="0" z_index="11" m_a="0.661277" m_b="-0.750142" m_c="0.750142" m_d="0.661277" m_tx="-3.304292" m_ty="3.849258"/>
   <element name="symbol0" layername="ghost" frame="1" z_index="11" m_a="1.000000" m_b="0.000000" m_c="0.000000" m_d="1.000000" m_tx="-68.652832" m_ty="-76.215134"/>
   <element name="symbol0" layername="ghost" frame="1" z_index="11" m_a="0.629226" m_b="0.000000" m_c="0.000000" m_d="0.629226" m_tx="83.813866" m_ty="-132.787506"/>
   <element name="symbol0" layername="ghost" frame="1" z_index="11" m_a="1.000000" m_b="0.000000" m_c="0.000000" m_d="1.000000" m_tx="-94.836868" m_ty="-123.605698"/>
   <element name="symbol0" layername="ghost" frame="1" z_index="10" m_a="0.615398" m_b="-0.194754" m_c="0.194754" m_d="0.615398" m_tx="79.783028" m_ty="-90.321144"/>
   <element name="symbol0" layername="ghost" frame="1" z_index="11" m_a="0.470594" m_b="0.000000" m_c="0.000000" m_d="0.470594" m_tx="-29.638676" m_ty="-202.496567"/>
   <element name="symbol0" layername="ghost" frame="1" z_index="9" m_a="0.590438" m_b="0.000000" m_c="0.000000" m_d="0.590438" m_tx="44.666424" m_ty="-174.786896"/>
   <element name="symbol0" layername="ghost" frame="1" z_index="8" m_a="0.730807" m_b="0.000000" m_c="0.000000" m_d="0.730807" m_tx="-100.439972" m_ty="-72.432312"/>
   <element name="symbol0" layername="ghost" frame="1" z_index="11" m_a="0.563416" m_b="0.000000" m_c="0.000000" m_d="0.563416" m_tx="-101.918327" m_ty="-145.279495"/>
   <element name="symbol0" layername="ghost" frame="1" z_index="7" m_a="0.484669" m_b="0.000000" m_c="0.000000" m_d="0.484669" m_tx="-31.832584" m_ty="-238.862274"/>
   <element name="symbol0" layername="ghost" frame="1" z_index="6" m_a="0.961528" m_b="0.000000" m_c="0.000000" m_d="0.961528" m_tx="14.000000" m_ty="-126.000000"/>
  </frame>
  <frame idx="625" w="499" h="424" x="-154.569626" y="-264.184204">
   <element name="symbol0" layername="roukanken" frame="0" z_index="11" m_a="0.661277" m_b="-0.750142" m_c="0.750142" m_d="0.661277" m_tx="-3.304292" m_ty="3.849258"/>
   <element name="symbol0" layername="ghost" frame="1" z_index="11" m_a="1.000000" m_b="0.000000" m_c="0.000000" m_d="1.000000" m_tx="-68.652832" m_ty="-76.215134"/>
   <element name="symbol0" layername="ghost" frame="1" z_index="11" m_a="0.629226" m_b="0.000000" m_c="0.000000" m_d="0.629226" m_tx="83.813866" m_ty="-132.787506"/>
   <element name="symbol0" layername="ghost" frame="1" z_index="11" m_a="1.000000" m_b="0.000000" m_c="0.000000" m_d="1.000000" m_tx="-94.159561" m_ty="-124.067841"/>
   <element name="symbol0" layername="ghost" frame="1" z_index="10" m_a="0.460231" m_b="-0.137073" m_c="0.137073" m_d="0.460231" m_tx="84.239525" m_ty="-92.303299"/>
   <element name="symbol0" layername="ghost" frame="1" z_index="11" m_a="0.470594" m_b="0.000000" m_c="0.000000" m_d="0.470594" m_tx="-28.848759" m_ty="-202.653030"/>
   <element name="symbol0" layername="ghost" frame="1" z_index="9" m_a="0.537579" m_b="0.000000" m_c="0.000000" m_d="0.537579" m_tx="54.272301" m_ty="-185.524323"/>
   <element name="symbol0" layername="ghost" frame="1" z_index="8" m_a="0.647681" m_b="0.000000" m_c="0.000000" m_d="0.647681" m_tx="-98.217842" m_ty="-88.082382"/>
   <element name="symbol0" layername="ghost" frame="1" z_index="11" m_a="0.354335" m_b="0.000000" m_c="0.000000" m_d="0.354335" m_tx="-120.187828" m_ty="-179.801361"/>
   <element name="symbol0" layername="ghost" frame="1" z_index="7" m_a="0.484669" m_b="0.000000" m_c="0.000000" m_d="0.484669" m_tx="-31.832584" m_ty="-238.862274"/>
   <element name="symbol0" layername="ghost" frame="1" z_index="6" m_a="0.789445" m_b="0.000000" m_c="0.000000" m_d="0.789445" m_tx="13.026316" m_ty="-133.105255"/>
  </frame>
  <frame idx="650" w="493" h="424" x="-149.597809" y="-264.184204">
   <element name="symbol0" layername="roukanken" frame="0" z_index="11" m_a="0.661277" m_b="-0.750142" m_c="0.750142" m_d="0.661277" m_tx="-3.304292" m_ty="3.849258"/>
   <element name="symbol0" layername="ghost" frame="1" z_index="11" m_a="1.000000" m_b="0.000000" m_c="0.000000" m_d="1.000000" m_tx="-68.652832" m_ty="-76.215134"/>
   <element name="symbol0" layername="ghost" frame="1" z_index="11" m_a="0.629226" m_b="0.000000" m_c="0.000000" m_d="0.629226" m_tx="83.813866" m_ty="-132.787506"/>
   <element name="symbol0" layername="ghost" frame="1" z_index="11" m_a="1.000000" m_b="0.000000" m_c="0.000000" m_d="1.000000" m_tx="-93.482262" m_ty="-124.529984"/>
   <element name="symbol0" layername="ghost" frame="1" z_index="10" m_a="0.303324" m_b="-0.084745" m_c="0.084745" m_d="0.303324" m_tx="88.696022" m_ty="-94.285461"/>
   <element name="symbol0" layername="ghost" frame="1" z_index="11" m_a="0.470594" m_b="0.000000" m_c="0.000000" m_d="0.470594" m_tx="-28.058842" m_ty="-202.809494"/>
   <element name="symbol0" layername="ghost" frame="1" z_index="9" m_a="0.484719" m_b="0.000000" m_c="0.000000" m_d="0.484719" m_tx="63.878181" m_ty="-196.261765"/>
   <element name="symbol0" layername="ghost" frame="1" z_index="8" m_a="0.564556" m_b="0.000000" m_c="0.000000" m_d="0.564556" m_tx="-95.995712" m_ty="-103.732452"/>
   <element name="symbol0" layername="ghost" frame="1" z_index="11" m_a="0.381899" m_b="0.000000" m_c="0.000000" m_d="0.381899" m_tx="-116.308640" m_ty="-177.414597"/>
   <element name="symbol0" layername="ghost" frame="1" z_index="11" m_a="0.484669" m_b="0.000000" m_c="0.000000" m_d="0.484669" m_tx="-31.832584" m_ty="-238.862274"/>
   <element name="symbol0" layername="ghost" frame="1" z_index="7" m_a="0.617362" m_b="0.000000" m_c="0.000000" m_d="0.617362" m_tx="12.052632" m_ty="-140.210526"/>
  </frame>
  <frame idx="675" w="488" h="428" x="-144.626007" y="-267.555237">
   <element name="symbol0" layername="roukanken" frame="0" z_index="11" m_a="0.661277" m_b="-0.750142" m_c="0.750142" m_d="0.661277" m_tx="-3.304292" m_ty="3.849258"/>
   <element name="symbol0" layername="ghost" frame="1" z_index="11" m_a="1.000000" m_b="0.000000" m_c="0.000000" m_d="1.000000" m_tx="-68.652832" m_ty="-76.215134"/>
   <element name="symbol0" layername="ghost" frame="1" z_index="11" m_a="0.629226" m_b="0.000000" m_c="0.000000" m_d="0.629226" m_tx="83.813866" m_ty="-132.787506"/>
   <element name="symbol0" layername="ghost" frame="1" z_index="11" m_a="1.000000" m_b="0.000000" m_c="0.000000" m_d="1.000000" m_tx="-92.804955" m_ty="-124.992126"/>
   <element name="symbol0" layername="ghost" frame="1" z_index="10" m_a="0.333402" m_b="-0.086191" m_c="0.086191" m_d="0.333402" m_tx="84.146309" m_ty="-91.407928"/>
   <element name="symbol0" layername="ghost" frame="1" z_index="11" m_a="0.470594" m_b="0.000000" m_c="0.000000" m_d="0.470594" m_tx="-27.268925" m_ty="-202.965973"/>
   <element name="symbol0" layername="ghost" frame="1" z_index="9" m_a="0.520236" m_b="0.000000" m_c="0.000000" m_d="0.520236" m_tx="67.535957" m_ty="-208.901398"/>
   <element name="symbol0" layername="ghost" frame="1" z_index="8" m_a="0.519560" m_b="0.000000" m_c="0.000000" m_d="0.519560" m_tx="-90.728210" m_ty="-119.885246"/>
   <element name="symbol0" layername="ghost" frame="1" z_index="11" m_a="0.409463" m_b="0.000000" m_c="0.000000" m_d="0.409463" m_tx="-112.429451" m_ty="-175.027832"/>
   <element name="symbol0" layername="ghost" frame="1" z_index="11" m_a="0.484669" m_b="0.000000" m_c="0.000000" m_d="0.484669" m_tx="-32.942383" m_ty="-241.733292"/>
   <element name="symbol0" layername="ghost" frame="1" z_index="7" m_a="0.627991" m_b="0.000000" m_c="0.000000" m_d="0.627991" m_tx="10.106726" m_ty="-162.399124"/>
  </frame>
  <frame idx="700" w="482" h="427" x="-139.654190" y="-266.344971">
   <element name="symbol0" layername="roukanken" frame="0" z_index="11" m_a="0.661277" m_b="-0.750142" m_c="0.750142" m_d="0.661277" m_tx="-3.304292" m_ty="3.849258"/>
   <element name="symbol0" layername="ghost" frame="1" z_index="11" m_a="1.000000" m_b="0.000000" m_c="0.000000" m_d="1.000000" m_tx="-68.652832" m_ty="-76.215134"/>
   <element name="symbol0" layername="ghost" frame="1" z_index="11" m_a="0.629226" m_b="0.000000" m_c="0.000000" m_d="0.629226" m_tx="83.813866" m_ty="-132.787506"/>
   <element name="symbol0" layername="ghost" frame="1" z_index="11" m_a="1.000000" m_b="0.000000" m_c="0.000000" m_d="1.000000" m_tx="-92.127647" m_ty="-125.454269"/>
   <element name="symbol0" layername="ghost" frame="1" z_index="10" m_a="0.363641" m_b="-0.086496" m_c="0.086496" m_d="0.363641" m_tx="79.596588" m_ty="-88.530396"/>
   <element name="symbol0" layername="ghost" frame="1" z_index="11" m_a="0.470594" m_b="0.000000" m_c="0.000000" m_d="0.470594" m_tx="-26.479008" m_ty="-203.122437"/>
   <element name="symbol0" layername="ghost" frame="1" z_index="10" m_a="0.555754" m_b="0.000000" m_c="0.000000" m_d="0.555754" m_tx="71.193733" m_ty="-221.541031"/>
   <element name="symbol0" layername="ghost" frame="1" z_index="9" m_a="0.474563" m_b="0.000000" m_c="0.000000" m_d="0.474563" m_tx="-85.460709" m_ty="-136.038040"/>
   <element name="symbol0" layername="ghost" frame="1" z_index="11" m_a="0.437027" m_b="0.000000" m_c="0.000000" m_d="0.437027" m_tx="-108.550262" m_ty="-172.641083"/>
   <element name="symbol0" layername="ghost" frame="1" z_index="11" m_a="0.484669" m_b="0.000000" m_c="0.000000" m_d="0.484669" m_tx="-27.254505" m_ty="-240.523041"/>
   <element name="symbol0" layername="ghost" frame="1" z_index="8" m_a="0.638620" m_b="0.000000" m_c="0.000000" m_d="0.638620" m_tx="8.160819" m_ty="-184.587723"/>
  </frame>
  <frame idx="725" w="477" h="424" x="-134.682373" y="-264.634735">
   <element name="symbol0" layername="roukanken" frame="0" z_index="11" m_a="0.661277" m_b="-0.750142" m_c="0.750142" m_d="0.661277" m_tx="-3.304292" m_ty="3.849258"/>
   <element name="symbol0" layername="ghost" frame="1" z_index="11" m_a="1.000000" m_b="0.000000" m_c="0.000000" m_d="1.000000" m_tx="-68.652832" m_ty="-76.215134"/>
   <element name="symbol0" layername="ghost" frame="1" z_index="11" m_a="0.629226" m_b="0.000000" m_c="0.000000" m_d="0.629226" m_tx="83.813866" m_ty="-132.787506"/>
   <element name="symbol0" layername="ghost" frame="1" z_index="11" m_a="1.000000" m_b="0.000000" m_c="0.000000" m_d="1.000000" m_tx="-91.450348" m_ty="-125.916412"/>
   <element name="symbol0" layername="ghost" frame="1" z_index="10" m_a="0.394007" m_b="-0.085654" m_c="0.085654" m_d="0.394007" m_tx="75.046875" m_ty="-85.652863"/>
   <element name="symbol0" layername="ghost" frame="1" z_index="11" m_a="0.470594" m_b="0.000000" m_c="0.000000" m_d="0.470594" m_tx="-25.689091" m_ty="-203.278900"/>
   <element name="symbol0" layername="ghost" frame="1" z_index="10" m_a="0.609149" m_b="0.000000" m_c="0.000000" m_d="0.609149" m_tx="69.177589" m_ty="-217.162613"/>
   <element name="symbol0" layername="ghost" frame="1" z_index="9" m_a="0.474563" m_b="0.000000" m_c="0.000000" m_d="0.474563" m_tx="-85.460709" m_ty="-136.038040"/>
   <element name="symbol0" layername="ghost" frame="1" z_index="11" m_a="0.464591" m_b="0.000000" m_c="0.000000" m_d="0.464591" m_tx="-104.671074" m_ty="-170.254333"/>
   <element name="symbol0" layername="ghost" frame="1" z_index="11" m_a="0.484669" m_b="0.000000" m_c="0.000000" m_d="0.484669" m_tx="-21.566629" m_ty="-239.312790"/>
   <element name="symbol0" layername="ghost" frame="1" z_index="8" m_a="0.588778" m_b="0.000000" m_c="0.000000" m_d="0.588778" m_tx="10.160819" m_ty="-197.587723"/>
  </frame>
  <frame idx="750" w="471" h="423" x="-129.710571" y="-263.424469">
   <element name="symbol0" layername="roukanken" frame="0" z_index="11" m_a="0.661277" m_b="-0.750142" m_c="0.750142" m_d="0.661277" m_tx="-3.304292" m_ty="3.849258"/>
   <element name="symbol0" layername="ghost" frame="1" z_index="11" m_a="1.000000" m_b="0.000000" m_c="0.000000" m_d="1.000000" m_tx="-68.652832" m_ty="-76.215134"/>
   <element name="symbol0" layername="ghost" frame="1" z_index="11" m_a="0.629226" m_b="0.000000" m_c="0.000000" m_d="0.629226" m_tx="83.813866" m_ty="-132.787506"/>
   <element name="symbol0" layername="ghost" frame="1" z_index="11" m_a="1.000000" m_b="0.000000" m_c="0.000000" m_d="1.000000" m_tx="-90.773041" m_ty="-126.378555"/>
   <element name="symbol0" layername="ghost" frame="1" z_index="10" m_a="0.424466" m_b="-0.083660" m_c="0.083660" m_d="0.424466" m_tx="70.497154" m_ty="-82.775330"/>
   <element name="symbol0" layername="ghost" frame="1" z_index="11" m_a="0.470594" m_b="0.000000" m_c="0.000000" m_d="0.470594" m_tx="-24.899172" m_ty="-203.435364"/>
   <element name="symbol0" layername="ghost" frame="1" z_index="10" m_a="0.662543" m_b="0.000000" m_c="0.000000" m_d="0.662543" m_tx="67.161446" m_ty="-212.784195"/>
   <element name="symbol0" layername="ghost" frame="1" z_index="11" m_a="0.474563" m_b="0.000000" m_c="0.000000" m_d="0.474563" m_tx="-85.460709" m_ty="-136.038040"/>
   <element name="symbol0" layername="ghost" frame="1" z_index="11" m_a="0.492155" m_b="0.000000" m_c="0.000000" m_d="0.492155" m_tx="-100.791885" m_ty="-167.867569"/>
   <element name="symbol0" layername="ghost" frame="1" z_index="11" m_a="0.484669" m_b="0.000000" m_c="0.000000" m_d="0.484669" m_tx="-15.878754" m_ty="-238.102524"/>
   <element name="symbol0" layername="ghost" frame="1" z_index="10" m_a="0.538936" m_b="0.000000" m_c="0.000000" m_d="0.538936" m_tx="12.160819" m_ty="-210.587723"/>
  </frame>
  <frame idx="775" w="466" h="422" x="-124.738747" y="-262.214233">
   <element name="symbol0" layername="roukanken" frame="0" z_index="11" m_a="0.661277" m_b="-0.750142" m_c="0.750142" m_d="0.661277" m_tx="-3.304292" m_ty="3.849258"/>
   <element name="symbol0" layername="ghost" frame="1" z_index="11" m_a="1.000000" m_b="0.000000" m_c="0.000000" m_d="1.000000" m_tx="-68.652832" m_ty="-76.215134"/>
   <element name="symbol0" layername="ghost" frame="1" z_index="11" m_a="0.629226" m_b="0.000000" m_c="0.000000" m_d="0.629226" m_tx="83.813866" m_ty="-132.787506"/>
   <element name="symbol0" layername="ghost" frame="1" z_index="11" m_a="1.000000" m_b="0.000000" m_c="0.000000" m_d="1.000000" m_tx="-90.095741" m_ty="-126.840706"/>
   <element name="symbol0" layername="ghost" frame="1" z_index="10" m_a="0.454987" m_b="-0.080512" m_c="0.080512" m_d="0.454987" m_tx="65.947441" m_ty="-79.897797"/>
   <element name="symbol0" layername="ghost" frame="1" z_index="11" m_a="0.470594" m_b="0.000000" m_c="0.000000" m_d="0.470594" m_tx="-24.109255" m_ty="-203.591827"/>
   <element name="symbol0" layername="ghost" frame="1" z_index="10" m_a="0.715938" m_b="0.000000" m_c="0.000000" m_d="0.715938" m_tx="65.145302" m_ty="-208.405777"/>
   <element name="symbol0" layername="ghost" frame="1" z_index="11" m_a="0.399668" m_b="0.000000" m_c="0.000000" m_d="0.399668" m_tx="-60.582241" m_ty="-140.785904"/>
   <element name="symbol0" layername="ghost" frame="1" z_index="11" m_a="0.519719" m_b="0.000000" m_c="0.000000" m_d="0.519719" m_tx="-96.912697" m_ty="-165.480804"/>
   <element name="symbol0" layername="ghost" frame="1" z_index="11" m_a="0.484669" m_b="0.000000" m_c="0.000000" m_d="0.484669" m_tx="-10.190879" m_ty="-236.892273"/>
   <element name="symbol0" layername="ghost" frame="1" z_index="10" m_a="0.585042" m_b="0.000000" m_c="0.000000" m_d="0.585042" m_tx="10.544737" m_ty="-200.628952"/>
  </frame>
  <frame idx="800" w="460" h="421" x="-119.766937" y="-261.003967">
   <element name="symbol0" layername="roukanken" frame="0" z_index="11" m_a="0.661277" m_b="-0.750142" m_c="0.750142" m_d="0.661277" m_tx="-3.304292" m_ty="3.849258"/>
   <element name="symbol0" layername="ghost" frame="1" z_index="11" m_a="1.000000" m_b="0.000000" m_c="0.000000" m_d="1.000000" m_tx="-68.652832" m_ty="-76.215134"/>
   <element name="symbol0" layername="ghost" frame="1" z_index="11" m_a="0.629226" m_b="0.000000" m_c="0.000000" m_d="0.629226" m_tx="83.813866" m_ty="-132.787506"/>
   <element name="symbol0" layername="ghost" frame="1" z_index="11" m_a="1.000000" m_b="0.000000" m_c="0.000000" m_d="1.000000" m_tx="-89.418434" m_ty="-127.302849"/>
   <element name="symbol0" layername="ghost" frame="1" z_index="10" m_a="0.485535" m_b="-0.076205" m_c="0.076205" m_d="0.485535" m_tx="61.397728" m_ty="-77.020264"/>
   <element name="symbol0" layername="ghost" frame="1" z_index="11" m_a="0.470594" m_b="0.000000" m_c="0.000000" m_d="0.470594" m_tx="-23.319338" m_ty="-203.748291"/>
   <element name="symbol0" layername="ghost" frame="1" z_index="10" m_a="0.769333" m_b="0.000000" m_c="0.000000" m_d="0.769333" m_tx="63.129154" m_ty="-204.027359"/>
   <element name="symbol0" layername="ghost" frame="1" z_index="11" m_a="0.466371" m_b="0.000000" m_c="0.000000" m_d="0.466371" m_tx="-57.739769" m_ty="-130.920807"/>
   <element name="symbol0" layername="ghost" frame="1" z_index="11" m_a="0.547283" m_b="0.000000" m_c="0.000000" m_d="0.547283" m_tx="-93.033508" m_ty="-163.094055"/>
   <element name="symbol0" layername="ghost" frame="1" z_index="11" m_a="0.484669" m_b="0.000000" m_c="0.000000" m_d="0.484669" m_tx="-4.503004" m_ty="-235.682022"/>
   <element name="symbol0" layername="ghost" frame="1" z_index="10" m_a="0.631149" m_b="0.000000" m_c="0.000000" m_d="0.631149" m_tx="8.928656" m_ty="-190.670181"/>
  </frame>
  <frame idx="825" w="455" h="419" x="-114.795120" y="-259.293701">
   <element name="symbol0" layername="roukanken" frame="0" z_index="11" m_a="0.661277" m_b="-0.750142" m_c="0.750142" m_d="0.661277" m_tx="-3.304292" m_ty="3.849258"/>
   <element name="symbol0" layername="ghost" frame="1" z_index="11" m_a="1.000000" m_b="0.000000" m_c="0.000000" m_d="1.000000" m_tx="-68.652832" m_ty="-76.215134"/>
   <element name="symbol0" layername="ghost" frame="1" z_index="11" m_a="0.629226" m_b="0.000000" m_c="0.000000" m_d="0.629226" m_tx="83.813866" m_ty="-132.787506"/>
   <element name="symbol0" layername="ghost" frame="1" z_index="11" m_a="1.000000" m_b="0.000000" m_c="0.000000" m_d="1.000000" m_tx="-88.741127" m_ty="-127.764992"/>
   <element name="symbol0" layername="ghost" frame="1" z_index="10" m_a="0.516076" m_b="-0.070738" m_c="0.070738" m_d="0.516076" m_tx="56.848011" m_ty="-74.142731"/>
   <element name="symbol0" layername="ghost" frame="1" z_index="11" m_a="0.470594" m_b="0.000000" m_c="0.000000" m_d="0.470594" m_tx="-22.529421" m_ty="-203.904755"/>
   <element name="symbol0" layername="ghost" frame="1" z_index="10" m_a="0.822727" m_b="0.000000" m_c="0.000000" m_d="0.822727" m_tx="61.113010" m_ty="-199.648941"/>
   <element name="symbol0" layername="ghost" frame="1" z_index="11" m_a="0.533075" m_b="0.000000" m_c="0.000000" m_d="0.533075" m_tx="-54.897301" m_ty="-121.055702"/>
   <element name="symbol0" layername="ghost" frame="1" z_index="11" m_a="0.574846" m_b="0.000000" m_c="0.000000" m_d="0.574846" m_tx="-89.154320" m_ty="-160.707306"/>
   <element name="symbol0" layername="ghost" frame="1" z_index="11" m_a="0.484669" m_b="0.000000" m_c="0.000000" m_d="0.484669" m_tx="1.184872" m_ty="-234.471771"/>
   <element name="symbol0" layername="ghost" frame="1" z_index="10" m_a="0.677255" m_b="0.000000" m_c="0.000000" m_d="0.677255" m_tx="7.312573" m_ty="-180.711411"/>
  </frame>
  <frame idx="850" w="449" h="417" x="-109.823311" y="-258.083466">
   <element name="symbol0" layername="roukanken" frame="0" z_index="11" m_a="0.661277" m_b="-0.750142" m_c="0.750142" m_d="0.661277" m_tx="-3.304292" m_ty="3.849258"/>
   <element name="symbol0" layername="ghost" frame="1" z_index="11" m_a="1.000000" m_b="0.000000" m_c="0.000000" m_d="1.000000" m_tx="-68.652832" m_ty="-76.215134"/>
   <element name="symbol0" layername="ghost" frame="1" z_index="11" m_a="0.629226" m_b="0.000000" m_c="0.000000" m_d="0.629226" m_tx="83.813866" m_ty="-132.787506"/>
   <element name="symbol0" layername="ghost" frame="1" z_index="11" m_a="1.000000" m_b="0.000000" m_c="0.000000" m_d="1.000000" m_tx="-88.063828" m_ty="-128.227142"/>
   <element name="symbol0" layername="ghost" frame="1" z_index="10" m_a="0.546578" m_b="-0.064110" m_c="0.064110" m_d="0.546578" m_tx="52.298294" m_ty="-71.265198"/>
   <element name="symbol0" layername="ghost" frame="1" z_index="11" m_a="0.470594" m_b="0.000000" m_c="0.000000" m_d="0.470594" m_tx="-21.739504" m_ty="-204.061218"/>
   <element name="symbol0" layername="ghost" frame="1" z_index="10" m_a="0.876122" m_b="0.000000" m_c="0.000000" m_d="0.876122" m_tx="59.096867" m_ty="-195.270508"/>
   <element name="symbol0" layername="ghost" frame="1" z_index="11" m_a="0.599778" m_b="0.000000" m_c="0.000000" m_d="0.599778" m_tx="-52.054829" m_ty="-111.190598"/>
   <element name="symbol0" layername="ghost" frame="1" z_index="11" m_a="0.602410" m_b="0.000000" m_c="0.000000" m_d="0.602410" m_tx="-85.275131" m_ty="-158.320541"/>
   <element name="symbol0" layername="ghost" frame="1" z_index="11" m_a="0.484669" m_b="0.000000" m_c="0.000000" m_d="0.484669" m_tx="6.872749" m_ty="-233.261520"/>
   <element name="symbol0" layername="ghost" frame="1" z_index="10" m_a="0.723362" m_b="0.000000" m_c="0.000000" m_d="0.723362" m_tx="5.696491" m_ty="-170.752640"/>
  </frame>
  <frame idx="875" w="445" h="416" x="-105.351494" y="-256.873230">
   <element name="symbol0" layername="roukanken" frame="0" z_index="11" m_a="0.661277" m_b="-0.750142" m_c="0.750142" m_d="0.661277" m_tx="-3.304292" m_ty="3.849258"/>
   <element name="symbol0" layername="ghost" frame="1" z_index="11" m_a="1.000000" m_b="0.000000" m_c="0.000000" m_d="1.000000" m_tx="-68.652832" m_ty="-76.215134"/>
   <element name="symbol0" layername="ghost" frame="1" z_index="11" m_a="0.629226" m_b="0.000000" m_c="0.000000" m_d="0.629226" m_tx="83.813866" m_ty="-132.787506"/>
   <element name="symbol0" layername="ghost" frame="1" z_index="11" m_a="1.000000" m_b="0.000000" m_c="0.000000" m_d="1.000000" m_tx="-87.386520" m_ty="-128.689285"/>
   <element name="symbol0" layername="ghost" frame="1" z_index="10" m_a="0.577006" m_b="-0.056321" m_c="0.056321" m_d="0.577006" m_tx="47.748581" m_ty="-68.387665"/>
   <element name="symbol0" layername="ghost" frame="1" z_index="11" m_a="0.470594" m_b="0.000000" m_c="0.000000" m_d="0.470594" m_tx="-20.949587" m_ty="-204.217682"/>
   <element name="symbol0" layername="ghost" frame="1" z_index="10" m_a="0.929517" m_b="0.000000" m_c="0.000000" m_d="0.929517" m_tx="57.080723" m_ty="-190.892090"/>
   <element name="symbol0" layername="ghost" frame="1" z_index="11" m_a="0.666482" m_b="0.000000" m_c="0.000000" m_d="0.666482" m_tx="-49.212357" m_ty="-101.325500"/>
   <element name="symbol0" layername="ghost" frame="1" z_index="11" m_a="0.629974" m_b="0.000000" m_c="0.000000" m_d="0.629974" m_tx="-81.395943" m_ty="-155.933777"/>
   <element name="symbol0" layername="ghost" frame="1" z_index="11" m_a="0.484669" m_b="0.000000" m_c="0.000000" m_d="0.484669" m_tx="12.560622" m_ty="-232.051270"/>
   <element name="symbol0" layername="ghost" frame="1" z_index="10" m_a="0.769468" m_b="0.000000" m_c="0.000000" m_d="0.769468" m_tx="4.080410" m_ty="-160.793854"/>
  </frame>
  <frame idx="900" w="441" h="415" x="-102.209221" y="-255.662964">
   <element name="symbol0" layername="roukanken" frame="0" z_index="11" m_a="0.661277" m_b="-0.750142" m_c="0.750142" m_d="0.661277" m_tx="-3.304292" m_ty="3.849258"/>
   <element name="symbol0" layername="ghost" frame="1" z_index="11" m_a="1.000000" m_b="0.000000" m_c="0.000000" m_d="1.000000" m_tx="-68.652832" m_ty="-76.215134"/>
   <element name="symbol0" layername="ghost" frame="1" z_index="11" m_a="0.629226" m_b="0.000000" m_c="0.000000" m_d="0.629226" m_tx="83.813866" m_ty="-132.787506"/>
   <element name="symbol0" layername="ghost" frame="1" z_index="11" m_a="1.000000" m_b="0.000000" m_c="0.000000" m_d="1.000000" m_tx="-86.709221" m_ty="-129.151428"/>
   <element name="symbol0" layername="ghost" frame="1" z_index="10" m_a="0.607326" m_b="-0.047370" m_c="0.047370" m_d="0.607326" m_tx="43.198864" m_ty="-65.510132"/>
   <element name="symbol0" layername="ghost" frame="1" z_index="11" m_a="0.470594" m_b="0.000000" m_c="0.000000" m_d="0.470594" m_tx="-20.159670" m_ty="-204.374146"/>
   <element name="symbol0" layername="ghost" frame="1" z_index="10" m_a="0.982911" m_b="0.000000" m_c="0.000000" m_d="0.982911" m_tx="55.064579" m_ty="-186.513672"/>
   <element name="symbol0" layername="ghost" frame="1" z_index="11" m_a="0.733186" m_b="0.000000" m_c="0.000000" m_d="0.733186" m_tx="-46.369884" m_ty="-91.460396"/>
   <element name="symbol0" layername="ghost" frame="1" z_index="11" m_a="0.657538" m_b="0.000000" m_c="0.000000" m_d="0.657538" m_tx="-77.516754" m_ty="-153.547028"/>
   <element name="symbol0" layername="ghost" frame="1" z_index="11" m_a="0.484669" m_b="0.000000" m_c="0.000000" m_d="0.484669" m_tx="18.248499" m_ty="-230.841019"/>
   <element name="symbol0" layername="ghost" frame="1" z_index="10" m_a="0.815574" m_b="0.000000" m_c="0.000000" m_d="0.815574" m_tx="2.464327" m_ty="-150.835083"/>
  </frame>
  <frame idx="925" w="441" h="413" x="-101.531914" y="-253.952698">
   <element name="symbol0" layername="roukanken" frame="0" z_index="11" m_a="0.661277" m_b="-0.750142" m_c="0.750142" m_d="0.661277" m_tx="-3.304292" m_ty="3.849258"/>
   <element name="symbol0" layername="ghost" frame="1" z_index="11" m_a="1.000000" m_b="0.000000" m_c="0.000000" m_d="1.000000" m_tx="-68.652832" m_ty="-76.215134"/>
   <element name="symbol0" layername="ghost" frame="1" z_index="11" m_a="0.629226" m_b="0.000000" m_c="0.000000" m_d="0.629226" m_tx="83.813866" m_ty="-132.787506"/>
   <element name="symbol0" layername="ghost" frame="1" z_index="11" m_a="1.000000" m_b="0.000000" m_c="0.000000" m_d="1.000000" m_tx="-86.031914" m_ty="-129.613571"/>
   <element name="symbol0" layername="ghost" frame="1" z_index="10" m_a="0.637506" m_b="-0.037260" m_c="0.037260" m_d="0.637506" m_tx="38.649147" m_ty="-62.632599"/>
   <element name="symbol0" layername="ghost" frame="1" z_index="11" m_a="0.470594" m_b="0.000000" m_c="0.000000" m_d="0.470594" m_tx="-19.369753" m_ty="-204.530609"/>
   <element name="symbol0" layername="ghost" frame="1" z_index="10" m_a="1.036306" m_b="0.000000" m_c="0.000000" m_d="1.036306" m_tx="53.048431" m_ty="-182.135254"/>
   <element name="symbol0" layername="ghost" frame="1" z_index="11" m_a="0.799889" m_b="0.000000" m_c="0.000000" m_d="0.799889" m_tx="-43.527412" m_ty="-81.595299"/>
   <element name="symbol0" layername="ghost" frame="1" z_index="11" m_a="0.685102" m_b="0.000000" m_c="0.000000" m_d="0.685102" m_tx="-73.637566" m_ty="-151.160278"/>
   <element name="symbol0" layername="ghost" frame="1" z_index="11" m_a="0.484669" m_b="0.000000" m_c="0.000000" m_d="0.484669" m_tx="23.936373" m_ty="-229.630753"/>
   <element name="symbol0" layername="ghost" frame="1" z_index="10" m_a="0.861681" m_b="0.000000" m_c="0.000000" m_d="0.861681" m_tx="0.848246" m_ty="-140.876312"/>
  </frame>
  <frame idx="950" w="440" h="412" x="-100.854607" y="-252.742447">
   <element name="symbol0" layername="roukanken" frame="0" z_index="11" m_a="0.661277" m_b="-0.750142" m_c="0.750142" m_d="0.661277" m_tx="-3.304292" m_ty="3.849258"/>
   <element name="symbol0" layername="ghost" frame="1" z_index="11" m_a="1.000000" m_b="0.000000" m_c="0.000000" m_d="1.000000" m_tx="-68.652832" m_ty="-76.215134"/>
   <element name="symbol0" layername="ghost" frame="1" z_index="11" m_a="0.629226" m_b="0.000000" m_c="0.000000" m_d="0.629226" m_tx="83.813866" m_ty="-132.787506"/>
   <element name="symbol0" layername="ghost" frame="1" z_index="11" m_a="1.000000" m_b="0.000000" m_c="0.000000" m_d="1.000000" m_tx="-85.354607" m_ty="-130.075714"/>
   <element name="symbol0" layername="ghost" frame="1" z_index="10" m_a="0.667511" m_b="-0.025993" m_c="0.025993" m_d="0.667511" m_tx="34.099430" m_ty="-59.755066"/>
   <element name="symbol0" layername="ghost" frame="1" z_index="11" m_a="0.470594" m_b="0.000000" m_c="0.000000" m_d="0.470594" m_tx="-18.579834" m_ty="-204.687073"/>
   <element name="symbol0" layername="ghost" frame="1" z_index="10" m_a="1.089701" m_b="0.000000" m_c="0.000000" m_d="1.089701" m_tx="51.032288" m_ty="-177.756836"/>
   <element name="symbol0" layername="ghost" frame="1" z_index="11" m_a="0.866593" m_b="0.000000" m_c="0.000000" m_d="0.866593" m_tx="-40.684944" m_ty="-71.730202"/>
   <element name="symbol0" layername="ghost" frame="1" z_index="11" m_a="0.712666" m_b="0.000000" m_c="0.000000" m_d="0.712666" m_tx="-69.758377" m_ty="-148.773514"/>
   <element name="symbol0" layername="ghost" frame="1" z_index="11" m_a="0.484669" m_b="0.000000" m_c="0.000000" m_d="0.484669" m_tx="29.624250" m_ty="-228.420502"/>
   <element name="symbol0" layername="ghost" frame="1" z_index="10" m_a="0.907787" m_b="0.000000" m_c="0.000000" m_d="0.907787" m_tx="-0.767836" m_ty="-130.917542"/>
  </frame>
  <frame idx="975" w="439" h="410" x="-100.177307" y="-251.532196">
   <element name="symbol0" layername="roukanken" frame="0" z_index="11" m_a="0.661277" m_b="-0.750142" m_c="0.750142" m_d="0.661277" m_tx="-3.304292" m_ty="3.849258"/>
   <element name="symbol0" layername="ghost" frame="1" z_index="11" m_a="1.000000" m_b="0.000000" m_c="0.000000" m_d="1.000000" m_tx="-68.652832" m_ty="-76.215134"/>
   <element name="symbol0" layername="ghost" frame="1" z_index="11" m_a="0.629226" m_b="0.000000" m_c="0.000000" m_d="0.629226" m_tx="83.813866" m_ty="-132.787506"/>
   <element name="symbol0" layername="ghost" frame="1" z_index="11" m_a="1.000000" m_b="0.000000" m_c="0.000000" m_d="1.000000" m_tx="-84.677307" m_ty="-130.537857"/>
   <element name="symbol0" layername="ghost" frame="1" z_index="10" m_a="0.697308" m_b="-0.013571" m_c="0.013571" m_d="0.697308" m_tx="29.549717" m_ty="-56.877533"/>
   <element name="symbol0" layername="ghost" frame="1" z_index="11" m_a="0.470594" m_b="0.000000" m_c="0.000000" m_d="0.470594" m_tx="-17.789917" m_ty="-204.843536"/>
   <element name="symbol0" layername="ghost" frame="1" z_index="10" m_a="1.143095" m_b="0.000000" m_c="0.000000" m_d="1.143095" m_tx="49.016144" m_ty="-173.378418"/>
   <element name="symbol0" layername="ghost" frame="1" z_index="11" m_a="0.933296" m_b="0.000000" m_c="0.000000" m_d="0.933296" m_tx="-37.842472" m_ty="-61.865101"/>
   <element name="symbol0" layername="ghost" frame="1" z_index="11" m_a="0.740230" m_b="0.000000" m_c="0.000000" m_d="0.740230" m_tx="-65.879189" m_ty="-146.386749"/>
   <element name="symbol0" layername="ghost" frame="1" z_index="11" m_a="0.484669" m_b="0.000000" m_c="0.000000" m_d="0.484669" m_tx="35.312122" m_ty="-227.210251"/>
   <element name="symbol0" layername="ghost" frame="1" z_index="10" m_a="0.953894" m_b="0.000000" m_c="0.000000" m_d="0.953894" m_tx="-2.383918" m_ty="-120.958778"/>
  </frame>
 </anim>
</Anims>
